City,Date,Occupancy,Property_Revenue,Entire_Home_Revenue,Private_Room_Revenue,Listings_Entire_Homes,Listings_Private_Rooms
New York,1/31/22,0.613,2730.344,81601025.38,30894959.86,19613,17204
New York,2/28/22,0.643,2434.027,74061028.94,28556455.2,19995,17656
New York,3/31/22,0.774,2960.735,90791870.34,34951465.58,20035,17837
New York,4/30/22,0.8,3061.085,99325704.4,36877378.55,20145,17947
New York,5/31/22,0.806,3687.822,51099976.95,16799037.87,11141,8572
New York,6/30/22,0.8,4117.397,108320401.7,39029000.38,18098,13711
New York,7/31/22,0.806,4142.925,106234687.7,37229191.65,18208,13781
New York,8/31/22,0.806,3850.848,96225444.94,34635788.38,18218,13811
New York,9/30/22,0.8,4121.938,94579595.22,37153768,17947,13470
New York,10/31/22,0.806,4037.546,91766656.31,34487069.07,17847,13330
New York,11/30/22,0.733,3586.216,79968174.55,27737625.75,17505,12848
New York,12/31/22,0.728,3666.141,81737599.01,26178160.91,17274,12717
New York,1/31/23,0.452,2078.733,42131980.08,13703787.24,17114,12517
New York,2/28/23,0.536,2000.392,30764870.62,10638710.09,16983,12446
New York,3/31/23,0.645,2801.917,43041219.55,14368818.29,16923,12446
New York,4/30/23,0.764,3355.444,50653126.43,18102068.31,16863,12326
New York,5/31/23,0.774,3594.667,52674819.62,19494595.33,16722,12286
New York,6/30/23,0.771,3447.095,54381086.55,20323984.5,16712,12276
New York,7/31/23,0.839,3575.258,59602824.48,21140535.39,16642,12637
New York,8/31/23,0.806,3578.049,59445613.24,21589805,16642,12597
New York,9/30/23,0.533,3177.618,57176288.76,22665420.18,16532,12507
New York,10/31/23,0.548,2816.643,31308103.61,10161043.68,15197,10880
New York,11/30/23,0.367,1921.2,19049130.02,6491031.491,14775,10409
New York,12/31/23,0.323,1772.6,17679729.98,5991081.276,13450,9616
New York,1/31/24,0.194,1056.2,9073242.678,2699381.843,12717,9154
New York,2/29/24,0.303,1461,7192369.083,2401079.989,12296,8853
New York,3/31/24,0.29,1527.778,9062652.852,3393010.444,12055,8662
New York,4/30/24,0.367,1873,10226981.66,4090764.56,11754,8391
New York,5/31/24,0.452,2327.2,11105716.41,4874722.872,11402,8000
New York,6/30/24,0.267,1817.5,11136662.79,4885182.208,11141,8000
New York,7/31/24,0.484,2324.724,23151016.41,7977762.794,12938,9114
New York,8/31/24,0.516,2612.333,21011971.89,7417586.08,12657,8883
New York,9/30/24,0.544,2873.938,21621885.65,8271537.623,10951,7407
New York,10/31/24,0.62,3119.75,19962766.03,7999685.24,9967,6825
New York,11/30/24,0.5,2503.333,16268572.9,6184358.153,9335,6594
New York,12/31/24,0.452,2577.4,18698621.83,8581543.494,6685,4938
Los Angeles,1/31/22,0.746,3841.263,100605762,9221947.51,18087,4710
Los Angeles,2/28/22,0.821,3493.385,95066939.83,8698938.409,18249,4776
Los Angeles,3/31/22,0.839,3842.571,105830077.2,9861022.578,18260,4824
Los Angeles,4/30/22,0.767,3724.172,103532465.5,9474584.912,18237,4818
Los Angeles,5/31/22,0.742,3720.31,32226980.1,2357051.302,8564,2358
Los Angeles,6/30/22,0.833,4348.005,89311738.9,7326993.419,14472,4195
Los Angeles,7/31/22,0.806,4491.127,89512729.58,7680655.856,14598,4213
Los Angeles,8/31/22,0.806,3994.206,77239735.04,7182796.776,14544,4189
Los Angeles,9/30/22,0.7,3710.471,65660706.31,5836163.408,14191,3980
Los Angeles,10/31/22,0.774,3882.05,58900659.71,5030387.156,13969,3914
Los Angeles,11/30/22,0.733,3662.188,50709312.39,3778667.883,13610,3734
Los Angeles,12/31/22,0.645,3719.164,48791368.96,3207256.065,13520,3692
Los Angeles,1/31/23,0.645,3446.233,35159818.44,2218438.898,13424,3609
Los Angeles,2/28/23,0.714,3367.792,32123303.6,1965849.377,13353,3585
Los Angeles,3/31/23,0.742,3881.127,38007815.86,2262454.426,13161,3519
Los Angeles,4/30/23,0.7,3695.5,35736114.22,2036930.206,12982,3507
Los Angeles,5/31/23,0.742,3793.869,36283375.55,2162237.4,12886,3423
Los Angeles,6/30/23,0.733,3793.388,40248065.01,2299658.74,12808,3393
Los Angeles,7/31/23,0.806,4065.488,51418277.23,2569719.206,13017,3381
Los Angeles,8/31/23,0.839,3931.845,51213318.33,2927116.439,12892,3303
Los Angeles,9/30/23,0.7,3586.18,46603520.67,2663747.483,12724,3058
Los Angeles,10/31/23,0.645,3297.15,26135390.16,1541393.403,11168,2561
Los Angeles,11/30/23,0.5,2560.75,19566225.16,1008347.038,10773,2382
Los Angeles,12/31/23,0.452,2477.314,20883943.78,920339.922,10019,2005
Los Angeles,1/31/24,0.419,2325.6,17374055.52,788502.8203,9995,1981
Los Angeles,2/29/24,0.517,2554.333,15720977.36,813838.3835,9767,1903
Los Angeles,3/31/24,0.581,2967.452,18030260.38,800820.4647,9558,1825
Los Angeles,4/30/24,0.5,2714.167,16249510.84,738926.9945,9301,1777
Los Angeles,5/31/24,0.532,2916.245,16785340.35,802388.6003,9067,1747
Los Angeles,6/30/24,0.448,2629.719,18519692.23,828831.4348,9151,1699
Los Angeles,7/31/24,0.592,3152.192,41565669.91,1770933.726,12227,2202
Los Angeles,8/31/24,0.581,3213.025,35298724.12,1792720.036,11928,2196
Los Angeles,9/30/24,0.533,2800.846,25216995.45,1335835.977,10522,1879
Los Angeles,10/31/24,0.548,3021.6,25722617.4,1358759.485,10270,1795
Los Angeles,11/30/24,0.533,2840.5,22973897.32,1042977.695,10013,1771
Los Angeles,12/31/24,0.452,2853.52,25428125.14,996987.0335,8331,1538
Chicago,1/31/22,0.516,2553.946,28851804.89,3047411.382,6638,2201
Chicago,2/28/22,0.583,2420.236,26848422.55,2877433.907,6675,2223
Chicago,3/31/22,0.742,3028.906,33319356.34,3630316.745,6666,2223
Chicago,4/30/22,0.8,3059.129,33846216.96,3888223.873,6679,2241
Chicago,5/31/22,0.806,3475.878,15587160.51,1510817.182,3525,1156
Chicago,6/30/22,0.833,4202.963,35214855.15,2965830.888,5999,1641
Chicago,7/31/22,0.848,4592.72,37174651.97,3103510.47,6005,1647
Chicago,8/31/22,0.806,3908.618,30739500.39,2628125.64,5977,1656
Chicago,9/30/22,0.8,3840.834,28494354.43,2655387.245,5886,1638
Chicago,10/31/22,0.762,3398.707,24235347.09,2380165.021,5836,1601
Chicago,11/30/22,0.633,2619.323,18191100.23,1743088.575,5790,1580
Chicago,12/31/22,0.581,2465.75,15463585.59,1261526.304,5729,1580
Chicago,1/31/23,0.419,1819.311,8863312.412,797702.986,5679,1569
Chicago,2/28/23,0.536,1818.797,8559861.32,728949.0536,5668,1565
Chicago,3/31/23,0.677,2625.576,13107784.73,1215867.137,5655,1567
Chicago,4/30/23,0.667,2621.5,13651993.05,1358367.819,5638,1545
Chicago,5/31/23,0.742,3283.347,17438708.63,1742456.051,5607,1547
Chicago,6/30/23,0.833,3572.954,22377169.41,1955956.019,5607,1560
Chicago,7/31/23,0.806,3864.25,24323022.42,2134119.366,5612,1562
Chicago,8/31/23,0.774,3460.48,22226663.27,2036804.001,5594,1571
Chicago,9/30/23,0.733,3235.664,20429055.83,1840621.303,5484,1547
Chicago,10/31/23,0.677,2746.833,13451895.65,1334092.775,4921,1399
Chicago,11/30/23,0.5,2155.141,9189903.916,744118.7825,4768,1334
Chicago,12/31/23,0.452,2096.277,8598404.039,624836.7634,4451,1245
Chicago,1/31/24,0.355,1549.057,5595617.178,457454.5966,4408,1212
Chicago,2/29/24,0.414,1508.143,4377665.535,399066.6819,4360,1193
Chicago,3/31/24,0.484,2081.76,7072838.812,507597.9518,4292,1180
Chicago,4/30/24,0.467,2153.95,7373909.784,540124.0763,4229,1154
Chicago,5/31/24,0.606,3089.04,11198516,825153.6961,4151,1119
Chicago,6/30/24,0.667,3407.065,13681619.55,1005944.956,4105,1104
Chicago,7/31/24,0.645,3380.267,21884808.57,1430369.147,5725,1432
Chicago,8/31/24,0.742,3795.88,24284655.77,1660925.55,5668,1423
Chicago,9/30/24,0.633,3145.688,18563316.12,1244443.785,5342,1347
Chicago,10/31/24,0.581,2931.37,17077865.14,1076955.111,5116,1282
Chicago,11/30/24,0.567,2691.489,14090693.61,754358.7299,4981,1247
Chicago,12/31/24,0.484,2443.588,12476742.26,612647.0744,4255,1069
Houston,1/31/22,0.581,2241.294,46607306.6,3374826.542,13872,2660
Houston,2/28/22,0.679,2167.814,47659046.21,3301891.342,14026,2686
Houston,3/31/22,0.742,2561.412,57281434.49,3963269.839,14043,2708
Houston,4/30/22,0.633,2347.443,53903723.85,3765652.266,14004,2682
Houston,5/31/22,0.645,2127.93,13363600.23,768475.7737,6473,1380
Houston,6/30/22,0.7,2546.884,38181441.32,3453034.641,12461,2174
Houston,7/31/22,0.645,2684.185,37061587.95,3400055.809,12491,2174
Houston,8/31/22,0.581,2378.604,30855924.51,2889974.021,12456,2160
Houston,9/30/22,0.567,2303.211,28686891.27,2584452.676,12272,2125
Houston,10/31/22,0.613,2380.438,27434969.96,2362539.44,12167,2077
Houston,11/30/22,0.6,2156.187,23488706.65,1536605.281,11930,2029
Houston,12/31/22,0.548,2128.517,22337443.8,1705162.736,11808,2016
Houston,1/31/23,0.484,1759.896,14824570.31,1030564.733,11720,1968
Houston,2/28/23,0.607,1775.102,14031579.72,943011.8112,11698,1950
Houston,3/31/23,0.71,2403.2,19962250.28,1103947.012,11580,1932
Houston,4/30/23,0.633,2113.571,18094868.09,968692.5406,11479,1932
Houston,5/31/23,0.613,2080.124,15448946.47,806503.7663,11304,1919
Houston,6/30/23,0.733,2210.097,17209849.4,891102.4619,11229,1875
Houston,7/31/23,0.774,2424.718,22024282.67,1160612.052,11391,1902
Houston,8/31/23,0.71,2115.217,21245370.67,1021868.613,11632,1880
Houston,9/30/23,0.521,2022.631,24151075.73,1071450.523,11681,1845
Houston,10/31/23,0.484,1747.5,9746969.836,540005.3831,9835,1634
Houston,11/30/23,0.433,1577.333,7841954.132,429156.1519,9520,1586
Houston,12/31/23,0.387,1489,8300560.501,393240.8256,8862,1455
Houston,1/31/24,0.335,1435.688,7420293.124,354231.0131,8625,1380
Houston,2/29/24,0.366,1375.167,5766785.517,280752.3056,8384,1341
Houston,3/31/24,0.516,1934.733,7903260.902,325631.1225,8108,1275
Houston,4/30/24,0.433,1712.667,6766602.628,265604.2256,7639,1200
Houston,5/31/24,0.484,1863.857,7208149.874,290956.2206,7311,1170
Houston,6/30/24,0.433,1678.833,7370391.246,325306.7713,7074,1152
Houston,7/31/24,0.532,1944.039,17639036.24,855695.5781,10089,1652
Houston,8/31/24,0.516,1889,14464347.57,749878.1744,9989,1643
Houston,9/30/24,0.467,1587.032,11356909.18,620668.0325,8126,1485
Houston,10/31/24,0.419,1744.5,11551261.33,608951.9394,7806,1437
Houston,11/30/24,0.467,1769.375,11748278.41,608022.7169,7696,1389
Houston,12/31/24,0.419,1743.8,11437839.2,485360.9638,6329,1143
Phoenix,1/31/22,0.774,3172.458,30464219.72,2149914.258,6489,1249
Phoenix,2/28/22,0.821,3192,33365361.35,2195346.51,6506,1279
Phoenix,3/31/22,0.839,3726.891,40134797.08,2478166.11,6496,1286
Phoenix,4/30/22,0.767,3008.132,33281973.68,2149466.112,6471,1277
Phoenix,5/31/22,0.677,2769.923,15659858.25,609297.444,3986,715
Phoenix,6/30/22,0.667,3559.234,51531500.48,2413965.132,7811,1265
Phoenix,7/31/22,0.581,3449.128,48047694.75,2280032.172,7850,1270
Phoenix,8/31/22,0.581,3228.237,43528516.18,2042006.274,7873,1260
Phoenix,9/30/22,0.633,3327.302,43462485.47,1783054.512,7846,1256
Phoenix,10/31/22,0.71,3563.317,45059206.45,2003470.362,7853,1244
Phoenix,11/30/22,0.733,3612.229,43118320.95,1898437.014,7836,1228
Phoenix,12/31/22,0.581,3204.894,39374648.59,1444077.342,7827,1235
Phoenix,1/31/23,0.645,3170.353,25697318.58,1128206.394,7857,1244
Phoenix,2/28/23,0.714,3972.673,34375085.37,1458436.59,7883,1260
Phoenix,3/31/23,0.839,4766.913,39346264.46,1377259.47,7850,1251
Phoenix,4/30/23,0.679,2933.925,23600480.6,744526.08,7771,1232
Phoenix,5/31/23,0.581,2427.357,17283491.21,583718.292,7688,1212
Phoenix,6/30/23,0.6,2078.925,13816211.15,588701.304,7579,1212
Phoenix,7/31/23,0.581,2225.088,15920365.75,686383.2,7639,1209
Phoenix,8/31/23,0.645,2144.743,16100327.72,695803.554,7695,1200
Phoenix,9/30/23,0.5,2083.353,18433022.85,763782.426,7671,1200
Phoenix,10/31/23,0.597,2297.744,13624485.93,404613.144,6870,1072
Phoenix,11/30/23,0.5,2431.233,14679419.29,350440.884,6763,1030
Phoenix,12/31/23,0.484,2494.333,15948487.49,427196.916,6366,952
Phoenix,1/31/24,0.484,2725.333,15599312.1,333067.68,6260,924
Phoenix,2/29/24,0.655,3817.978,19610908.43,406997.838,6106,884
Phoenix,3/31/24,0.742,4509.725,24494427.38,578061.9,5760,782
Phoenix,4/30/24,0.533,2782.238,15264191.77,321049.008,5465,724
Phoenix,5/31/24,0.452,2379.905,10522266.07,222463.854,5185,687
Phoenix,6/30/24,0.4,1867.558,7420487.382,156618.9,5048,652
Phoenix,7/31/24,0.391,1732.9,11532793.5,276580.386,6791,821
Phoenix,8/31/24,0.419,1707.727,10856420.44,242544.51,6896,842
Phoenix,9/30/24,0.4,1620.012,10741560.39,298734.588,6476,747
Phoenix,10/31/24,0.516,2338.704,15079576.52,410947.56,6424,738
Phoenix,11/30/24,0.549,2468.597,16463792.7,312708.384,6448,717
Phoenix,12/31/24,0.484,2689.989,17445253.34,313337.646,5252,564
Philadelphia,1/31/22,0.581,2336.274,25988912.78,3000969.368,5760,2522
Philadelphia,2/28/22,0.679,2291.896,28557294.62,2853878.624,6036,2553
Philadelphia,3/31/22,0.742,2680.737,35142742.12,3469875.352,6149,2583
Philadelphia,4/30/22,0.733,2825.299,35916263.43,3660841.569,6171,2603
Philadelphia,5/31/22,0.742,2425.686,8534662.004,1209970.973,2858,1471
Philadelphia,6/30/22,0.767,2479.29,16182352.45,2736371.904,4686,2422
Philadelphia,7/31/22,0.742,2557.882,15995246.1,2611095.733,4702,2427
Philadelphia,8/31/22,0.71,2206.444,13094233.26,2234659.315,4686,2422
Philadelphia,9/30/22,0.733,2230.149,12941461.19,2154300.42,4662,2311
Philadelphia,10/31/22,0.71,2241.566,12304334.63,2032506.716,4637,2284
Philadelphia,11/30/22,0.667,2025.14,10999815.01,1765938.641,4553,2244
Philadelphia,12/31/22,0.561,1887.021,10055241.5,1493903.928,4528,2207
Philadelphia,1/31/23,0.484,1501.675,6643772.614,1018143.744,4503,2183
Philadelphia,2/28/23,0.607,1557.227,5673334.832,883861.9711,4501,2171
Philadelphia,3/31/23,0.677,1987.015,6774962.878,1042932.312,4463,2173
Philadelphia,4/30/23,0.633,1930.05,6957321.231,1032769.655,4447,2158
Philadelphia,5/31/23,0.645,2133.976,8397198.327,1186847.932,4456,2155
Philadelphia,6/30/23,0.767,2271.927,9433986.04,1458238.581,4492,2164
Philadelphia,7/31/23,0.758,2552.98,10597900.76,1652074.839,4465,2133
Philadelphia,8/31/23,0.774,2425.372,10445894.79,1695148.057,4429,2135
Philadelphia,9/30/23,0.7,2359.214,10608980.93,1661566.314,4420,2115
Philadelphia,10/31/23,0.645,2040.056,5317011.301,757051.3454,3862,1832
Philadelphia,11/30/23,0.5,1667.617,5025627.539,511934.0035,3749,1733
Philadelphia,12/31/23,0.387,1383.5,4637862.367,400070.191,3444,1534
Philadelphia,1/31/24,0.29,1025.438,2774179.612,255065.3116,3263,1453
Philadelphia,2/29/24,0.345,1120.778,2282946.064,246886.824,3166,1394
Philadelphia,3/31/24,0.419,1431.952,2843496.758,274378.2034,3089,1335
Philadelphia,4/30/24,0.467,1615.5,3870939.887,412223.7987,3066,1315
Philadelphia,5/31/24,0.484,1749,4122854.933,353688.5165,3007,1270
Philadelphia,6/30/24,0.5,1783.5,4183810.542,367905.3901,2885,1199
Philadelphia,7/31/24,0.548,1951.776,7634036.28,718158.8966,3952,1559
Philadelphia,8/31/24,0.581,1886.675,7186967.469,707555.5631,3916,1550
Philadelphia,9/30/24,0.6,1889.719,6162505.115,666606.6281,3496,1333
Philadelphia,10/31/24,0.605,2055.7,6799410.206,685729.6904,3410,1292
Philadelphia,11/30/24,0.537,1854.341,6357288.261,588625.1215,3340,1236
Philadelphia,12/31/24,0.484,1724.319,6639483.372,510914.7999,2666,978
San Diego,1/31/22,0.742,3872.87,58542529.48,7242614.679,11110,2582
San Diego,2/28/22,0.786,3856.963,59391041.62,6994934.264,11197,2631
San Diego,3/31/22,0.839,4744.575,74584746.63,8059567.08,11215,2652
San Diego,4/30/22,0.833,4570.204,73528043.11,7848537.81,11215,2669
San Diego,5/31/22,0.774,4583.924,45030014.64,2258178.001,7649,1543
San Diego,6/30/22,0.833,5560.504,88104081.51,5023848.73,11348,2180
San Diego,7/31/22,0.839,6359,101531736,5688646.743,11372,2173
San Diego,8/31/22,0.806,5337.444,80226667.89,4568981.223,11369,2173
San Diego,9/30/22,0.767,4716.747,68686645.28,4246056.436,11288,2068
San Diego,10/31/22,0.774,4349.198,62374040.27,4024935.329,11218,2043
San Diego,11/30/22,0.733,3787.786,52047347.61,3224117.97,11145,1994
San Diego,12/31/22,0.613,3577.643,47348054.31,2402931.476,11127,1980
San Diego,1/31/23,0.654,3223.346,38829781.05,1861663.987,11117,1987
San Diego,2/28/23,0.75,3432.44,37081520.76,1841875.728,11113,1966
San Diego,3/31/23,0.806,4446.092,46458495.97,2175557.209,11092,1952
San Diego,4/30/23,0.767,3903.9,42298559.58,1851789.103,11012,1949
San Diego,5/31/23,0.742,4150.614,43722575.87,2055361.471,10952,1963
San Diego,6/30/23,0.833,4965.378,53025321.5,2332246.626,10973,1966
San Diego,7/31/23,0.871,5986.521,68719664.2,3563335.265,10872,2068
San Diego,8/31/23,0.806,4852.657,54789254.93,3578969.914,10784,2061
San Diego,9/30/23,0.7,3903.222,43595563.59,3590527.936,10683,2064
San Diego,10/31/23,0.651,3476.571,27844798.98,1438170.755,9916,1763
San Diego,11/30/23,0.5,3092.818,23939565.99,1004610.18,9682,1676
San Diego,12/31/23,0.516,3590.825,28133189.67,1234647.376,9245,1578
San Diego,1/31/24,0.452,2923.312,21272941.54,909126.1455,9052,1539
San Diego,2/29/24,0.517,3067.042,20214334.43,828975.8243,8877,1476
San Diego,3/31/24,0.645,4061.345,26855994.91,867939.973,8604,1417
San Diego,4/30/24,0.561,3593.136,23235292.94,855475.6445,8366,1354
San Diego,5/31/24,0.548,3701.024,25219976.56,948013.3108,8090,1326
San Diego,6/30/24,0.7,4825.625,34768621.48,979107.6463,7936,1294
San Diego,7/31/24,0.742,5701.578,66079109.16,2128681.256,10630,1536
San Diego,8/31/24,0.677,4943.437,53053032.06,1628400.482,10445,1487
San Diego,9/30/24,0.567,3786.127,36968369.01,1305479.195,9703,1270
San Diego,10/31/24,0.581,3833.958,33539474.93,1278821.908,9496,1228
San Diego,11/30/24,0.533,3243.969,28675503.43,974222.6933,9301,1210
San Diego,12/31/24,0.484,3675.119,35035323.82,939986.0313,8044,906
Dallas,1/31/22,0.71,2654.603,23024241.96,1816078.313,6818,967
Dallas,2/28/22,0.721,2442.896,21458213.7,1677443.416,6845,978
Dallas,3/31/22,0.806,2880.063,25401978.14,1892378.702,6849,978
Dallas,4/30/22,0.767,2771.864,24552334.8,1830840.562,6851,976
Dallas,5/31/22,0.774,3039.314,9683025.172,356243.707,3028,421
Dallas,6/30/22,0.8,3347.678,24102886.5,1629123.825,5715,713
Dallas,7/31/22,0.762,3361.74,23626487.19,1655574.652,5737,710
Dallas,8/31/22,0.677,2862.812,19469005.56,1460891.855,5755,717
Dallas,9/30/22,0.667,2872.36,18503184.53,1310452.651,5713,702
Dallas,10/31/22,0.734,3117.012,19317634.64,1290206.047,5711,692
Dallas,11/30/22,0.667,2542.074,15204206.33,1338025.456,5645,680
Dallas,12/31/22,0.677,2603.087,14168183.23,744712.8975,5609,674
Dallas,1/31/23,0.645,2434.715,10783177.56,689686.938,5580,661
Dallas,2/28/23,0.643,2165.333,8702722.394,341040.1205,5564,655
Dallas,3/31/23,0.742,2966.608,11809714.86,447920.294,5515,649
Dallas,4/30/23,0.667,2611.7,10265718.17,441559.1495,5456,645
Dallas,5/31/23,0.677,2584.176,9681373.589,409259.129,5382,633
Dallas,6/30/23,0.733,2801.327,10347597.06,384428.5005,5313,617
Dallas,7/31/23,0.774,2997.281,11828182.38,448241.98,5331,621
Dallas,8/31/23,0.742,2629.143,11497867.74,405781.3895,5443,627
Dallas,9/30/23,0.633,2670.75,12597290.45,520813.557,5488,633
Dallas,10/31/23,0.613,2484,7312966.298,305607.5845,4786,557
Dallas,11/30/23,0.5,2192,6068527.93,222600.8275,4582,504
Dallas,12/31/23,0.484,2153.071,6477126.034,169424.5625,4348,468
Dallas,1/31/24,0.391,2020.188,5085484.937,121458.0415,4138,437
Dallas,2/29/24,0.414,1782.533,3852929.336,97345.322,3999,398
Dallas,3/31/24,0.541,2448.976,5611600.428,172280.5065,3866,388
Dallas,4/30/24,0.433,2018.815,5430922.74,145572.7225,3720,374
Dallas,5/31/24,0.484,2383.562,4912019.684,114761.4805,3573,364
Dallas,6/30/24,0.5,2477.5,5014019.646,143526.878,3426,356
Dallas,7/31/24,0.548,2472.993,10167525.48,301902.311,4788,478
Dallas,8/31/24,0.516,2179.708,8338905.335,252556.8555,4768,476
Dallas,9/30/24,0.5,2162.225,8112962.112,225750.9965,4074,427
Dallas,10/31/24,0.484,2439.669,8367880.613,255383.377,3960,407
Dallas,11/30/24,0.533,2537,8986388.639,272417.043,3852,390
Dallas,12/31/24,0.484,2517.762,8132494.729,251850.7155,3044,294
Boston,1/31/22,0.677,3232.739,11417216.73,1760963.889,3050,1285
Boston,2/28/22,0.714,2982.667,10832064.73,1660969.399,3063,1303
Boston,3/31/22,0.806,3458.002,13326773.11,2214689.108,3048,1304
Boston,4/30/22,0.833,3512.396,14185337.48,2371486.161,3034,1326
Boston,5/31/22,0.871,4734.967,7507849.198,1257184.161,1458,701
Boston,6/30/22,0.833,4230.495,15207633.21,2800306.174,2382,1444
Boston,7/31/22,0.871,4532.81,15281781.96,2584325.709,2400,1455
Boston,8/31/22,0.871,4336.101,13603578.59,2466559.305,2405,1455
Boston,9/30/22,0.867,4490.178,12965430.15,2363245.74,2351,1416
Boston,10/31/22,0.871,4615.16,12199021.28,2269933.359,2339,1389
Boston,11/30/22,0.767,3291.333,8597085.188,1578999.021,2305,1378
Boston,12/31/22,0.64,2659.7,6614539.245,985401.8306,2266,1360
Boston,1/31/23,0.581,2317.333,4633228.845,677051.8388,2246,1345
Boston,2/28/23,0.643,2374.455,4191587.186,566676.7088,2232,1339
Boston,3/31/23,0.774,3450.938,6948532.528,987087.3975,2208,1335
Boston,4/30/23,0.767,3634.162,8221346.07,1186110.388,2191,1338
Boston,5/31/23,0.839,4446.926,9843760.296,1504050.874,2183,1339
Boston,6/30/23,0.867,4320.6,10087134.4,1597028.918,2177,1233
Boston,7/31/23,0.871,4318.026,10799335.58,1875972.304,2208,1288
Boston,8/31/23,0.839,4266.156,10665899.3,2084607.769,2205,1269
Boston,9/30/23,0.867,4223.994,10587427.31,2105725.365,2186,1229
Boston,10/31/23,0.839,5055.611,8774707.148,1447055.113,1965,1034
Boston,11/30/23,0.533,2843.75,5189455.502,739108.9275,1926,960
Boston,12/31/23,0.392,2055.28,3827485.074,416582.5894,1819,856
Boston,1/31/24,0.387,1932.219,2777958.819,301147.2881,1817,790
Boston,2/29/24,0.414,1888.033,2414656.108,346356.8063,1800,780
Boston,3/31/24,0.539,2799.778,4025043.461,592099.0369,1785,776
Boston,4/30/24,0.5,2859.75,4796002.314,663226.0256,1767,768
Boston,5/31/24,0.673,3868.743,6332891.085,822499.9481,1729,751
Boston,6/30/24,0.633,3494.587,6180247.213,746325.5138,1734,743
Boston,7/31/24,0.677,4192.714,11438927.8,1193634.703,2526,938
Boston,8/31/24,0.71,4313.093,10788123.14,1212492.923,2511,924
Boston,9/30/24,0.733,4592.906,9983702.837,1200365.402,2311,831
Boston,10/31/24,0.742,4967,10715632.2,1248371.087,2246,808
Boston,11/30/24,0.567,3116.548,6392003.927,729590.16,2158,807
Boston,12/31/24,0.452,2324.121,5059300.123,446158.0988,1825,689
Miami,1/31/22,0.806,4373.424,59242547.06,3920049.889,9447,1751
Miami,2/28/22,0.821,4370.344,58890860.06,3953414.643,9533,1794
Miami,3/31/22,0.871,5245.167,69616674.84,4357670.389,9536,1812
Miami,4/30/22,0.833,4533.725,63826380.11,4228368.213,9514,1812
Miami,5/31/22,0.774,3935.503,27288135.52,1227747.146,5654,1020
Miami,6/30/22,0.733,3938.611,54967105.69,3548984.676,10239,1696
Miami,7/31/22,0.71,4159.991,57035069.41,3345216.99,10279,1693
Miami,8/31/22,0.677,3519.566,46720277.46,2749003.874,10279,1690
Miami,9/30/22,0.667,3230.289,40193158.39,2450509.141,10193,1656
Miami,10/31/22,0.677,3264.668,40551181.52,2245628.889,10165,1638
Miami,11/30/22,0.716,3297.125,39202996.05,2028819.118,10120,1616
Miami,12/31/22,0.71,3802.235,43256352.13,2224804.955,10074,1586
Miami,1/31/23,0.742,3494.109,34114027.47,1580403.06,10022,1586
Miami,2/28/23,0.786,3629.892,33719439.43,1568904.507,10006,1555
Miami,3/31/23,0.806,4639.85,42966317.78,2004562.734,9936,1534
Miami,4/30/23,0.733,3136.167,27957441.78,1335436.811,9838,1519
Miami,5/31/23,0.677,2941.333,24589172.66,1029667.607,9756,1485
Miami,6/30/23,0.7,2664.54,22361069.75,1012575.659,9744,1454
Miami,7/31/23,0.73,3161.121,30031362.61,1326802.198,9734,1457
Miami,8/31/23,0.716,3067.071,28573271.51,1325613.22,9698,1439
Miami,9/30/23,0.567,2638.184,27943577.49,1478581.875,9707,1427
Miami,10/31/23,0.581,2311.042,14920231.39,610679.5305,8729,1277
Miami,11/30/23,0.533,2419.583,14564503.7,488688.5025,8509,1234
Miami,12/31/23,0.581,3486.333,24780546.24,868785.673,8017,1149
Miami,1/31/24,0.548,3200.111,22003520.38,665366.4285,7729,1127
Miami,2/29/24,0.69,3503.308,20270546.01,690007.9315,7512,1103
Miami,3/31/24,0.677,3732.784,22426867.02,883689.167,7078,1042
Miami,4/30/24,0.567,2846.682,14143100.99,521038.4985,6718,981
Miami,5/31/24,0.516,2649.714,13392201.46,534786.6355,6342,929
Miami,6/30/24,0.467,2347.2,10719050.75,318875.4755,6216,904
Miami,7/31/24,0.516,2589,20685114.38,688736.4275,8383,1192
Miami,8/31/24,0.516,2246.111,16876241.63,503937.381,8350,1198
Miami,9/30/24,0.433,1791.37,12958701.12,488278.9315,7622,1091
Miami,10/31/24,0.516,2371.833,17544010.46,571605.2345,7488,1112
Miami,11/30/24,0.541,2478.182,16456419.12,533756.595,7418,1091
Miami,12/31/24,0.613,3882.031,27584062.79,769049.0215,6079,803
Anaheim,1/31/22,0.71,4437.974,6809067,1284918,1266,409
Anaheim,2/28/22,0.786,4228.886,6402050,1138435,1267,413
Anaheim,3/31/22,0.839,4850.607,7641509,1428361,1263,421
Anaheim,4/30/22,0.767,4619,7117425,1413982,1248,421
Anaheim,5/31/22,0.785,5711.056,3663138,277505,636,185
Anaheim,6/30/22,0.867,6832.397,7549340,756169,1043,266
Anaheim,7/31/22,0.806,6971,7696011,792853,1047,265
Anaheim,8/31/22,0.806,5808.944,6446504,661488,1048,264
Anaheim,9/30/22,0.8,5637.5,5758592,572457,1036,246
Anaheim,10/31/22,0.806,5913.533,5686510,615512,1026,249
Anaheim,11/30/22,0.714,5064.542,4839648,477520,1025,240
Anaheim,12/31/22,0.699,5263.5,4829839,504238,1024,237
Anaheim,1/31/23,0.626,4256.067,3349417,294799,1024,231
Anaheim,2/28/23,0.714,4409,3220946,258691,1018,232
Anaheim,3/31/23,0.742,5352.25,4030493,292118,1003,229
Anaheim,4/30/23,0.667,4937,3443569,247158,988,228
Anaheim,5/31/23,0.677,5079.5,3282904,233712,976,222
Anaheim,6/30/23,0.833,6395.024,4007133,259226,944,218
Anaheim,7/31/23,0.839,7037.667,4810331,301946,950,218
Anaheim,8/31/23,0.806,5545.8,3998902,299899,940,218
Anaheim,9/30/23,0.8,5286.167,3774503,328656,937,213
Anaheim,10/31/23,0.774,5230.5,3025981,235691,844,202
Anaheim,11/30/23,0.667,4730.625,2616498,221718,818,203
Anaheim,12/31/23,0.548,4555,2997051,285657,770,198
Anaheim,1/31/24,0.484,4128.7,2497375,232050,756,199
Anaheim,2/29/24,0.655,4347,2294776,119149,732,196
Anaheim,3/31/24,0.645,4841,2789185,73657,697,188
Anaheim,4/30/24,0.567,4368.167,2304023,37477,680,186
Anaheim,5/31/24,0.613,5436.75,2556651,40171,656,181
Anaheim,6/30/24,0.689,5522.833,3161399,53088,661,186
Anaheim,7/31/24,0.645,4897,4565944,143088,866,227
Anaheim,8/31/24,0.548,4193.833,3630690,95810,869,224
Anaheim,9/30/24,0.609,4767,3338183,87691,789,204
Anaheim,10/31/24,0.658,4937.75,3190809,70266,768,193
Anaheim,11/30/24,0.567,4367.611,2800547,64884,756,189
Anaheim,12/31/24,0.581,5341.167,3206846,85978,593,85
Honolulu,1/31/22,0.806,3984.74,26198990.61,2593392.416,5698,887
Honolulu,2/28/22,0.821,3591.718,24041673.73,2169236.972,5725,895
Honolulu,3/31/22,0.839,4030.333,26964650.09,2381671.642,5704,897
Honolulu,4/30/22,0.833,3763.973,25951065.84,2403483.114,5689,875
Honolulu,5/31/22,0.871,3958.267,15395795.03,955796.3704,4116,556
Honolulu,6/30/22,0.867,4705.296,39587437.58,4034580.418,6045,882
Honolulu,7/31/22,0.903,5030.735,41637670.13,3561347.933,6063,869
Honolulu,8/31/22,0.871,4639.593,31382828.17,2404147.888,6025,864
Honolulu,9/30/22,0.84,4123.375,21936777.41,1383540.941,5835,835
Honolulu,10/31/22,0.839,3971.12,20822995.64,1311933.62,5804,825
Honolulu,11/30/22,0.8,3726.214,19004106.16,1074420.914,5737,785
Honolulu,12/31/22,0.806,4391.052,22618013.83,2114830.275,5719,777
Honolulu,1/31/23,0.839,4162.998,20896309.1,1199999.39,5660,761
Honolulu,2/28/23,0.857,3878.446,17884498.6,930010.9889,5627,753
Honolulu,3/31/23,0.839,4037.285,18858481.3,864846.7386,5593,741
Honolulu,4/30/23,0.833,3663.915,16183056.4,794053.1931,5558,738
Honolulu,5/31/23,0.839,3879.417,16448717.21,832788.5735,5542,746
Honolulu,6/30/23,0.833,3681.877,16911367.34,1124501.666,5555,772
Honolulu,7/31/23,0.871,4266.686,19741463.6,2212295.022,5427,758
Honolulu,8/31/23,0.866,4220.667,19382251.36,2452285.076,5247,738
Honolulu,9/30/23,0.8,3731.656,17326120.98,2329671.886,5257,722
Honolulu,10/31/23,0.806,3467.5,14173514.24,802536.433,5002,564
Honolulu,11/30/23,0.7,3236.316,13183819.3,493172.4379,5038,556
Honolulu,12/31/23,0.71,3856.548,17136717.63,725145.9036,4954,525
Honolulu,1/31/24,0.742,3892.979,15772540.28,655891.4906,4928,517
Honolulu,2/29/24,0.828,3894.756,14075389.64,432622.3104,4863,501
Honolulu,3/31/24,0.71,3601.268,13297656.16,482414.8841,4772,491
Honolulu,4/30/24,0.733,3399.718,11822919.98,444807.6551,4746,479
Honolulu,5/31/24,0.742,3721.398,12565869.06,387176.9673,4671,461
Honolulu,6/30/24,0.733,3581.842,13594992,434500.3795,4645,460
Honolulu,7/31/24,0.774,4053.067,22020123.07,923831.5356,6007,577
Honolulu,8/31/24,0.774,4059.125,19798897.81,807897.1988,5989,577
Honolulu,9/30/24,0.733,3553.568,16178951.5,687281.6068,5716,502
Honolulu,10/31/24,0.688,3473.405,15667374.96,699886.1195,5635,476
Honolulu,11/30/24,0.667,3233.499,14251798.78,633778.7413,5570,471
Honolulu,12/31/24,0.729,4252.772,19287378.58,1018029.719,4443,348
Baltimore,1/31/22,0.593,1960.143,3240935,1560045,1314,946
Baltimore,2/28/22,0.643,1827.727,3117174,1482174,1325,957
Baltimore,3/31/22,0.71,2062.667,3701168,1684500,1321,953
Baltimore,4/30/22,0.733,2049.084,3820004,1654091,1320,950
Baltimore,5/31/22,0.774,2262.893,2191070,486107,807,464
Baltimore,6/30/22,0.767,2480.353,4212527,812940,1313,688
Baltimore,7/31/22,0.767,2703.63,4510041,1448656,1319,687
Baltimore,8/31/22,0.677,2330.139,3931770,1216816,1317,686
Baltimore,9/30/22,0.633,2151.531,3602818,863735,1300,681
Baltimore,10/31/22,0.677,2177.5,3536314,662243,1294,669
Baltimore,11/30/22,0.6,1821.324,3038600,527399,1277,652
Baltimore,12/31/22,0.516,1710.792,2584709,437020,1280,647
Baltimore,1/31/23,0.452,1266,1676495,306890,1272,638
Baltimore,2/28/23,0.536,1372.5,1564152,296085,1261,632
Baltimore,3/31/23,0.613,1720.062,1922569,347818,1261,630
Baltimore,4/30/23,0.633,1845.886,2201325,369726,1254,630
Baltimore,5/31/23,0.677,2033.355,2490979,445730,1253,621
Baltimore,6/30/23,0.7,1965.7,2347232,458200,1260,618
Baltimore,7/31/23,0.687,2093.882,2555633,478321,1269,625
Baltimore,8/31/23,0.645,1946.286,2441581,440041,1269,622
Baltimore,9/30/23,0.6,1955.365,2392258,391291,1265,616
Baltimore,10/31/23,0.548,1739.167,1777068,262264,1166,568
Baltimore,11/30/23,0.467,1472.081,1335738,161714,1132,546
Baltimore,12/31/23,0.387,1265.233,1166309,133273,1051,513
Baltimore,1/31/24,0.323,1029.867,892035,107133,1035,502
Baltimore,2/29/24,0.379,1038.433,802421,91206,1018,490
Baltimore,3/31/24,0.419,1321.444,988566,112494,992,483
Baltimore,4/30/24,0.467,1422.25,1105637,118150,966,480
Baltimore,5/31/24,0.581,2017.333,1599509,155063,931,461
Baltimore,6/30/24,0.516,1672.667,1327498,160200,905,436
Baltimore,7/31/24,0.516,1761.84,2280775,291355,1203,547
Baltimore,8/31/24,0.565,1893.35,2181971,260088,1188,520
Baltimore,9/30/24,0.5,1631.617,1978108,223527,1102,463
Baltimore,10/31/24,0.496,1695.057,1889966,208361,1066,428
Baltimore,11/30/24,0.433,1509.371,1710589,180834,1038,424
Baltimore,12/31/24,0.419,1330.333,1569843,167812,890,361
Saint Paul,1/31/22,0.645,2461.333,1730817,360991,430,219
Saint Paul,2/28/22,0.607,2283.167,1825085,409128,444,220
Saint Paul,3/31/22,0.71,2837.429,2352956,501846,449,224
Saint Paul,4/30/22,0.733,2810.844,2382164,482191,451,223
Saint Paul,5/31/22,0.806,2652,976680,162711,295,147
Saint Paul,6/30/22,0.867,3024.444,1752677,227319,456,193
Saint Paul,7/31/22,0.871,3157.75,1905925,257599,459,199
Saint Paul,8/31/22,0.871,3149.556,1804896,223244,453,201
Saint Paul,9/30/22,0.767,2872.444,1599358,189347,449,199
Saint Paul,10/31/22,0.71,2659,1490977,169981,447,203
Saint Paul,11/30/22,0.617,2305.5,1253929,136932,436,200
Saint Paul,12/31/22,0.581,2134.8,1234309,116132,434,199
Saint Paul,1/31/23,0.548,1730,800519,92216,430,199
Saint Paul,2/28/23,0.5,1383,597616,69709,427,195
Saint Paul,3/31/23,0.581,1821.875,831052,91878,426,194
Saint Paul,4/30/23,0.6,1935.1,883931,100638,424,192
Saint Paul,5/31/23,0.71,2391.5,1131541,132145,422,193
Saint Paul,6/30/23,0.8,2635.667,1282351,151951,424,192
Saint Paul,7/31/23,0.839,2918.25,1440220,175814,430,197
Saint Paul,8/31/23,0.806,2803.333,1398071,175456,427,198
Saint Paul,9/30/23,0.7,2417,1185483,136629,425,200
Saint Paul,10/31/23,0.613,2133,901946,107185,394,189
Saint Paul,11/30/23,0.5,1707.333,687203,80708,385,177
Saint Paul,12/31/23,0.419,1682.5,694157,67867,372,171
Saint Paul,1/31/24,0.323,1110,474435,59864,366,171
Saint Paul,2/29/24,0.31,1153,409548,47180,360,168
Saint Paul,3/31/24,0.484,1628.75,593508,53186,356,163
Saint Paul,4/30/24,0.467,1614.583,607599,62800,352,163
Saint Paul,5/31/24,0.57,2081,752841,76250,347,162
Saint Paul,6/30/24,0.667,2418.375,919876,85902,344,169
Saint Paul,7/31/24,0.677,2496.5,1590797,119939,511,205
Saint Paul,8/31/24,0.742,2781.875,1660145,137808,505,204
Saint Paul,9/30/24,0.567,2054.857,1135481,99515,486,183
Saint Paul,10/31/24,0.581,2098,1031016,99439,474,173
Saint Paul,11/30/24,0.5,1887,878731,68490,472,169
Saint Paul,12/31/24,0.484,1916.333,1018255,68494,424,140
Atlanta,1/31/22,0.581,2987.905,52922937.31,3303674.578,12721,1891
Atlanta,2/28/22,0.607,2763.153,50799340.14,3571084.2,12887,1942
Atlanta,3/31/22,0.742,3286.318,60928212.71,4362039.712,12860,1959
Atlanta,4/30/22,0.7,3215.062,60425308.13,4284540.909,12806,1952
Atlanta,5/31/22,0.71,2765.054,14876710.73,522784.4063,5817,832
Atlanta,6/30/22,0.733,3056.365,31282106.41,1807909.434,9019,1438
Atlanta,7/31/22,0.71,3257.583,32479586.28,1762673.878,8968,1418
Atlanta,8/31/22,0.645,2857.542,26065968.9,1440227.55,8941,1390
Atlanta,9/30/22,0.6,2826.097,25208381.81,1295183.391,8758,1346
Atlanta,10/31/22,0.645,2817.088,24149773,1217461.219,8626,1330
Atlanta,11/30/22,0.667,2618.896,21161843.69,1028020.828,8494,1269
Atlanta,12/31/22,0.581,2524.818,19527400.4,978835.7062,8427,1252
Atlanta,1/31/23,0.548,2282.593,14450069.64,696284.3906,8359,1231
Atlanta,2/28/23,0.607,2208,13224286.25,572074.4438,8254,1228
Atlanta,3/31/23,0.677,2743.558,14951359.88,662809.5375,8159,1218
Atlanta,4/30/23,0.612,2439.321,14328865.02,683911.1156,8098,1225
Atlanta,5/31/23,0.613,2523.473,14826242.92,785963.5594,7993,1221
Atlanta,6/30/23,0.7,2579.4,15066888.91,842255.8688,8024,1204
Atlanta,7/31/23,0.742,2927.667,19077853.87,1208475.703,8068,1255
Atlanta,8/31/23,0.677,2669.591,19238527.07,1175762.334,8166,1258
Atlanta,9/30/23,0.533,2545.52,20146903.47,1205125.172,8149,1248
Atlanta,10/31/23,0.581,2288.5,9892054.313,362534.25,6839,1052
Atlanta,11/30/23,0.433,1887.95,7133561.934,260312.5875,6555,1001
Atlanta,12/31/23,0.387,1831.114,7382892.225,257666.0063,6122,934
Atlanta,1/31/24,0.367,1834.381,6878654.194,187023.9469,5898,893
Atlanta,2/29/24,0.345,1562.5,4701475.603,134786.1188,5655,879
Atlanta,3/31/24,0.484,2173.6,6272211.422,181470.1875,5496,859
Atlanta,4/30/24,0.391,1714.25,5143183.922,154378.2656,5354,835
Atlanta,5/31/24,0.452,2152.333,6497387.428,218532.4781,5066,798
Atlanta,6/30/24,0.4,1925.4,6259140.966,196825.0969,4951,747
Atlanta,7/31/24,0.484,2189.661,12155663.07,458224.0688,6572,988
Atlanta,8/31/24,0.419,1904.32,10113994.86,410369.0063,6470,971
Atlanta,9/30/24,0.367,1557.3,7518104.775,330721.125,5479,849
Atlanta,10/31/24,0.484,2138.2,9433065.375,301740.7219,5195,788
Atlanta,11/30/24,0.433,1911.583,8200228.941,247363.9688,5063,791
Atlanta,12/31/24,0.387,1832.579,8186958.806,250629.8906,4061,619
Detroit,1/31/22,0.548,2447.25,4109856,444727,1166,358
Detroit,2/28/22,0.643,2410.083,3733777,421970,1165,363
Detroit,3/31/22,0.645,2822.952,4493103,518142,1179,373
Detroit,4/30/22,0.6,2652.8,4666184,521869,1177,379
Detroit,5/31/22,0.677,2575.5,2373433,153025,666,206
Detroit,6/30/22,0.75,2893.562,5401746,322103,1321,307
Detroit,7/31/22,0.71,3120.756,5589545,335209,1322,305
Detroit,8/31/22,0.613,2554.302,4397988,302124,1322,307
Detroit,9/30/22,0.667,2566.333,3989704,261855,1316,301
Detroit,10/31/22,0.677,2467.701,3872672,272256,1305,304
Detroit,11/30/22,0.533,1980.714,3075751,216748,1294,300
Detroit,12/31/22,0.484,1665.333,2648207,171950,1287,300
Detroit,1/31/23,0.387,1090.286,1407201,97285,1284,301
Detroit,2/28/23,0.464,1155.8,1324659,103319,1282,300
Detroit,3/31/23,0.548,1615.067,1654421,114196,1274,300
Detroit,4/30/23,0.533,1364.333,1550186,120160,1273,301
Detroit,5/31/23,0.581,1799.571,2203601,167485,1268,301
Detroit,6/30/23,0.633,1788.8,2285172,170550,1266,298
Detroit,7/31/23,0.645,2036.929,2519113,195364,1259,300
Detroit,8/31/23,0.613,2004.133,2501821,193911,1242,296
Detroit,9/30/23,0.6,2044,2671306,188860,1250,295
Detroit,10/31/23,0.516,1617.975,1293124,100744,1148,268
Detroit,11/30/23,0.4,1677.75,1270223,66994,1092,255
Detroit,12/31/23,0.355,1367,882538,42545,999,234
Detroit,1/31/24,0.29,1106.75,567642,35754,969,230
Detroit,2/29/24,0.31,1144.4,542808,26237,949,225
Detroit,3/31/24,0.355,1330.1,622331,30708,929,215
Detroit,4/30/24,0.3,1147,854707,42603,907,210
Detroit,5/31/24,0.332,1398,972030,54941,867,202
Detroit,6/30/24,0.367,1421.778,882062,52356,826,196
Detroit,7/31/24,0.484,1785.656,2039205,141659,1245,262
Detroit,8/31/24,0.516,1918.779,2115710,110644,1241,266
Detroit,9/30/24,0.5,1893.818,1823096,105665,1106,248
Detroit,10/31/24,0.516,2016.44,1861965,106260,1075,233
Detroit,11/30/24,0.4,1597.964,1445107,76208,1034,225
Detroit,12/31/24,0.387,1637.572,1462186,84221,816,183
Washington,1/31/22,0.613,2683.625,24851435.06,6835591.253,7261,1911
Washington,2/28/22,0.679,2526.216,25369732.11,6448007.784,7479,1983
Washington,3/31/22,0.839,3151.705,34224990.46,7953577.105,7691,2078
Washington,4/30/22,0.9,3235.083,36915655.32,8201796.245,7837,2157
Washington,5/31/22,0.839,3738.243,14411949.12,1453045.665,3762,932
Washington,6/30/22,0.833,3518.367,20248167.87,2917957.393,4928,1479
Washington,7/31/22,0.806,3654.603,19696738.16,2701454.643,4949,1479
Washington,8/31/22,0.811,3229.549,16177626.16,2360256.9,4928,1474
Washington,9/30/22,0.8,3198.106,14626533.48,2428262.73,4811,1456
Washington,10/31/22,0.839,3527.5,14937485.15,2552793.354,4741,1425
Washington,11/30/22,0.733,2912.211,12346580.79,2016233.368,4579,1359
Washington,12/31/22,0.71,2777.957,11149596.68,1612958.324,4530,1344
Washington,1/31/23,0.613,2329.2,8285824.638,884843.5925,4460,1317
Washington,2/28/23,0.643,2262.3,7699751.418,910809.332,4424,1314
Washington,3/31/23,0.839,3600.432,12961103.29,1401505.968,4408,1301
Washington,4/30/23,0.867,3737.678,13764886.13,1632560.971,4341,1305
Washington,5/31/23,0.839,3774,14161163.13,1510968.718,4280,1301
Washington,6/30/23,0.9,3443.55,19874952.02,3005784.278,4877,1621
Washington,7/31/23,0.839,3603.165,21680273.42,3496050.853,4901,1589
Washington,8/31/23,0.799,3174.6,19690377.31,3381254.004,4942,1564
Washington,9/30/23,0.8,3170.943,19216660.18,3401282.209,4883,1589
Washington,10/31/23,0.806,3321.667,10314894.52,1165731.56,3645,1110
Washington,11/30/23,0.593,2568.174,8082878.922,880439.414,3582,1058
Washington,12/31/23,0.484,1989.2,6093264.265,479121.0321,3444,961
Washington,1/31/24,0.387,1675.943,4512535.702,401559.3058,3406,907
Washington,2/29/24,0.448,1790.333,4416143.635,379090.3399,3381,907
Washington,3/31/24,0.742,3115.136,8718339.284,582119.3661,3345,860
Washington,4/30/24,0.733,3138.056,8994158.843,619167.6039,3307,851
Washington,5/31/24,0.742,3325.976,9359226.063,690872.8536,3260,833
Washington,6/30/24,0.733,3133.375,8917822.001,652552.4478,3231,817
Washington,7/31/24,0.677,3025.902,13075319.22,982032.734,4372,932
Washington,8/31/24,0.613,2774.533,10926681.3,820021.5604,4356,918
Washington,9/30/24,0.648,2784.98,10327908.91,742567.912,4046,837
Washington,10/31/24,0.71,3387.171,12487061.93,780172.3011,4003,835
Washington,11/30/24,0.5,2338.25,8444303.012,484124.1429,3904,797
Washington,12/31/24,0.516,2457.606,9903027.275,606873.7314,3402,675
Denver,1/31/22,0.742,2896.36,17638458.93,3495911.582,5339,1125
Denver,2/28/22,0.786,2720.105,16822821.43,3242255.747,5357,1133
Denver,3/31/22,0.806,3072.287,19228250.33,3667489.41,5360,1149
Denver,4/30/22,0.833,3015.96,19594940.29,3507196.888,5351,1159
Denver,5/31/22,0.839,3453.128,11240616.08,724553.4484,3155,551
Denver,6/30/22,0.867,3874.894,21326379.87,1360464.168,4751,797
Denver,7/31/22,0.871,4140.498,21978788.54,1370410.54,4755,794
Denver,8/31/22,0.839,3791.434,19053435.41,1204988.598,4735,794
Denver,9/30/22,0.8,3694.852,17932846.42,1175838.663,4657,788
Denver,10/31/22,0.806,3533.465,16483164.23,1113427.08,4596,773
Denver,11/30/22,0.7,2874.75,13041091.84,813374.3123,4539,756
Denver,12/31/22,0.645,2733.037,11562576.56,632736.408,4497,737
Denver,1/31/23,0.613,2417.303,8447100.549,504241.0276,4444,735
Denver,2/28/23,0.643,2341.082,7895627.398,431005.538,4418,727
Denver,3/31/23,0.71,2814.478,10000642.89,577486.7381,4371,712
Denver,4/30/23,0.733,2791.612,9722881.847,569083.7188,4348,702
Denver,5/31/23,0.774,3167.4,11700007.91,676445.2499,4323,697
Denver,6/30/23,0.867,3562.048,14356616.28,845245.9207,4342,702
Denver,7/31/23,0.839,3861.761,15614769.49,925615.5811,4352,702
Denver,8/31/23,0.839,3422.083,13703334.45,747938.8104,4330,678
Denver,9/30/23,0.8,3311.286,12966953.99,801227.5324,4284,674
Denver,10/31/23,0.742,3008.029,9151692.628,570275.1807,3918,592
Denver,11/30/23,0.533,2238.659,6733182.462,346343.1101,3786,575
Denver,12/31/23,0.452,2096,6221564.883,271564.2684,3574,546
Denver,1/31/24,0.387,1863.875,4784936.214,201041.691,3504,541
Denver,2/29/24,0.485,1911.833,4574429.993,196382.4321,3451,532
Denver,3/31/24,0.516,2180.961,4982825.495,234601.204,3391,515
Denver,4/30/24,0.533,2243.655,5220174.655,263989.1399,3315,513
Denver,5/31/24,0.645,2875.95,6729447.462,327361.4851,3251,499
Denver,6/30/24,0.7,3191.319,8133455.478,373181.6678,3222,502
Denver,7/31/24,0.71,3360.775,13644048.99,709779.9036,4251,636
Denver,8/31/24,0.742,3316.872,12680819.13,677985.6818,4196,623
Denver,9/30/24,0.676,3088.5,10990063.01,579476.8885,3869,572
Denver,10/31/24,0.613,2738.222,9288104.806,477910.5935,3759,550
Denver,11/30/24,0.533,2296.534,7287714.575,336596.7758,3676,528
Denver,12/31/24,0.484,2252.889,7310650.218,338078.8026,3159,423