City,1/31/22,2/28/22,3/31/22,4/30/22,5/31/22,6/30/22,7/31/22,8/31/22,9/30/22,10/31/22,11/30/22,12/31/22,1/31/23,2/28/23,3/31/23,4/30/23,5/31/23,6/30/23,7/31/23,8/31/23,9/30/23,10/31/23,11/30/23,12/31/23,1/31/24,2/29/24,3/31/24,4/30/24,5/31/24,6/30/24,7/31/24,8/31/24,9/30/24,10/31/24,11/30/24,12/31/24
Los Angeles,2599.755989764698,2623.6014746609376,2638.6266657825377,2660.7501418003885,2681.4030825484897,2701.5728812217394,2715.937714671343,2725.618612,2735.9799559499443,2739.900329755767,2745.3304133861134,2748.8665537227025,2747.919692228283,2749.844537937074,2757.804020037758,2763.1107970967705,2762.405905760116,2757.0143687265518,2752.6722543575847,2753.6832663414175,2756.160679472545,2761.3121710303158,2761.386564368359,2763.4153187691127,2762.7821643479415,2765.9758645003003,2773.9889633909734,2776.303760165806,2782.0873071152996,2790.0190640929736,2799.013130275492,2805.1793216921715,2811.2728210665464,2819.6185593657992,2832.653476211622,2844.9206646991297
Houston,1459.029518539141,1467.6374818510542,1475.2688885541522,1483.2728908458166,1489.690746209441,1497.6385617882117,1502.702098538223,1505.7423955715794,1507.8646061150741,1507.8735936884957,1508.7428769711426,1513.455827957546,1520.314057164126,1528.5648059716036,1535.2965270899356,1537.177440157861,1538.8686159280503,1538.2039858731584,1540.437960706634,1540.3621196519832,1539.9637441862822,1541.2926652115777,1545.1906330141578,1550.1697723422806,1553.9475291114602,1556.6782253755641,1555.474337,1558.5507559233542,1561.350667409475,1563.8483123829876,1565.9476470813959,1570.4579139935147,1576.003355367149,1581.7853729873286,1585.166128167722,1586.5915026881155
Chicago,1878.3640784397473,1888.2279099621344,1898.2853487225366,1909.2856897906556,1923.4197072641516,1934.0738730229682,1947.0705161158755,1959.0083406971255,1972.8254945664787,1986.1279314486367,1999.3363349062454,2008.154656736899,2016.3983145355935,2022.121365066835,2029.5714310263788,2034.176588713823,2043.1335432713997,2052.685498887876,2062.428686137682,2073.415707241317,2078.966166044709,2084.317851972764,2085.833767749838,2095.0599542580594,2105.7904891614303,2118.134878993988,2125.6869419936934,2135.420858813123,2140.633270396196,2147.2968737723286,2153.789237059478,2160.0426810942713,2169.667667191682,2179.9050767756216,2193.683895250138,2203.7093082259503
San Antonio,1378.598798299154,1388.6374517915217,1397.0671680159037,1405.5727052084555,1414.6717381092233,1421.841047359399,1429.7553549566014,1429.9748818312846,1429.2609690098598,1426.699202707328,1426.5962218114223,1427.5196667363061,1433.2499225472832,1435.5513623638433,1441.646366126321,1438.5586858536215,1438.1116983183024,1432.6228231384089,1426.9608037942078,1424.0293501451895,1423.2731652405876,1426.933230023752,1428.850808995383,1430.2059726931461,1427.121824412164,1424.319165742768,1421.628980093131,1423.3548766344013,1421.9138936620393,1423.7820120700098,1425.0478438082455,1426.703653846526,1427.1126874177098,1425.0983212945855,1423.5704609210215,1422.0823368637502
Philadelphia,1600.1938182992226,1606.7856506491364,1612.2720390215034,1620.3134029570479,1629.8452854587842,1639.8911894376859,1645.614753376346,1649.5376161711347,1653.9875840625837,1654.8158981095205,1656.884465,1654.1693113581744,1659.0389764020038,1663.0496121835847,1670.926321184848,1676.1373291957739,1679.0479780751102,1680.7325087843149,1683.4317442663332,1686.3319817751235,1692.8058371681857,1699.470827496735,1704.318871046034,1705.674425568026,1709.5239114690069,1716.023014426334,1724.8111648202678,1728.467178705011,1732.112397656531,1736.664541459023,1742.5312597245404,1748.6988498220253,1752.682750812386,1757.175503029526,1762.4424580294706,1771.0586390697324
Phoenix,1621.0975789297136,1634.5898997969798,1644.1389308209054,1649.494931,1653.6228918839988,1657.932092697362,1659.2554962099234,1657.783379616736,1652.125230381272,1651.043588258377,1654.2948534306727,1659.8158693985954,1657.8270246210996,1657.1182304297627,1662.0552472524466,1665.1471037479907,1664.7638975612451,1660.2423907438936,1657.183693040085,1653.720513126226,1654.7564777697614,1655.4275642643709,1657.2648214855094,1655.4079422443833,1656.2602537247333,1659.1985797373366,1661.7202284653576,1662.1374112448068,1663.1388220243343,1666.3468929318287,1668.6817548516517,1672.3089052820883,1674.4824701922967,1676.0805788005853,1675.3952497942369,1676.3688978467799
Las Vegas,1685.859384159626,1694.6204746758424,1699.8740638368115,1711.2018860502874,1715.9510042721827,1722.4133784976757,1721.3424920078608,1710.507418187002,1696.0578590736204,1678.716176325946,1673.0184006076922,1672.5638783633594,1676.7407979056522,1683.6445595808748,1692.3070336399212,1694.3399547131182,1692.357713,1685.5665804374314,1685.540961200127,1684.254593636688,1687.4168596347865,1693.2111514459882,1701.6903191517556,1708.9175159644353,1709.8776428713954,1707.2604233119087,1710.047647544732,1712.3516005381907,1716.6470706245414,1721.797866414215,1723.6884637752478,1731.5922395577277,1738.5501018894486,1745.8372656396837,1747.586514408693,1748.3042062524576
San Diego,2653.166225171372,2683.4714233874815,2713.964428069563,2751.7391171112426,2781.4005048465415,2816.255346373285,2837.1467669396197,2862.278115032678,2868.1626251172897,2872.5421711713107,2867.7078632501975,2876.7349502039547,2887.3535440157193,2901.132877181315,2917.014287166505,2925.711840008479,2940.438041426006,2947.7433856763705,2955.1441872689265,2955.0552364075575,2955.6533909275236,2955.947243605826,2955.690889796026,2959.0705908161376,2961.7285522922016,2972.738901673557,2979.693926116736,2979.775978979015,2976.717738411447,2976.562136,2980.2992458181798,2986.331178719979,2998.0068588409813,3012.890019,3032.681777747051,3045.1912256642263
Dallas,1627.888279,1644.4737600974327,1653.6076910075692,1671.4670549446605,1686.934576263357,1711.4552930046918,1721.5588392688846,1725.374397456809,1723.9407004432553,1716.5824239831595,1716.9808435993218,1713.9042975191928,1716.4686339190057,1716.0317723403723,1723.7103965658182,1726.986195,1726.8325112178904,1715.4526698839484,1710.583166,1707.5440830015689,1711.183852048847,1714.943777505009,1714.6114647887234,1715.3152057756986,1714.7776238937004,1714.9194895847643,1709.0506909417406,1703.7733505239426,1701.458149667898,1702.2226144952087,1703.9143647757137,1707.1151678839453,1707.7777768634842,1711.4280196140292,1714.4970641681498,1717.9803802874176
Austin,1713.3963950234604,1727.851976100201,1736.7044129084102,1754.376397578745,1768.1508512990438,1784.6934985728828,1795.6768228459712,1796.698965831922,1793.459016455799,1784.6827575227314,1779.606311552524,1774.8129877011322,1775.865992471386,1774.570601864514,1779.5207619010337,1770.5490252526288,1762.8998918147965,1748.8334410569673,1741.3639117429707,1733.214263337524,1724.9582282311544,1722.279369793821,1718.9942799366736,1716.2895397102996,1709.5677905961586,1704.1685116859799,1697.7476668950028,1692.5189911749983,1686.2051907457928,1681.3755921979223,1674.1861680268864,1670.6508337043829,1669.549595,1668.1162105625287,1666.9142318272316,1664.6153366174408
San Jose,2858.850021,2878.770549243455,2895.3394389672358,2919.2028586753395,2940.0112854053154,2976.7903057493863,3001.824333911078,3023.4857862527106,3030.785886712139,3031.1179194200554,3025.9316435209503,3020.575505,3018.739273726482,3025.5100728191524,3031.523505494051,3031.850920995643,3032.7252075730926,3027.272988,3023.8237063849183,3021.927104656581,3020.6359981055193,3023.6762200031217,3026.043657534233,3046.257664720358,3063.6452769731277,3083.3924507743036,3088.268253870541,3096.813389659529,3104.7305864047626,3108.7237326212407,3116.2485371407606,3123.9995878189466,3138.7961728570394,3153.9277557406767,3174.247459028636,3180.918647228475
Jacksonville,1509.5493592641217,1527.876062,1536.519738631504,1550.1347566049528,1556.1101410179062,1568.7979749607014,1575.2281217470422,1575.5738280873716,1573.5495653095409,1578.8697582153613,1584.3705573412237,1589.171676,1588.4968760414065,1587.8933742990498,1590.924690638546,1592.4421043083464,1596.1148206150392,1595.0217096192182,1594.8475400924015,1594.5494309254377,1593.151354979529,1587.304335931106,1584.9084142833713,1582.6833172952875,1588.183063939684,1594.334082030449,1601.8596753484437,1602.5891293841826,1602.8258322950003,1602.2015054213373,1602.9796284344864,1605.8717765329975,1611.6515770287515,1617.6846498367615,1621.7191190310825,1625.0845029450875
Charlotte,1602.2457930031092,1615.2089472863145,1624.9304987689368,1642.5460023933222,1662.2901752228704,1684.2037464646094,1701.5641630616542,1705.9818645333785,1707.0523983495855,1708.0682528957225,1714.2146538578259,1720.028624556768,1725.2740445684562,1730.0414448752888,1737.9388787580747,1738.943279927401,1740.9696197636754,1737.5289219934073,1736.2439935919863,1738.4025506027767,1739.5591220667088,1742.1993773679642,1740.1300944194218,1742.0379170853964,1743.7445253334643,1747.9811349319605,1747.3380878635553,1747.7713496422384,1745.8862977616539,1746.2018165732857,1747.558834286146,1750.3826830103621,1755.6424229208026,1759.7618560627911,1766.330905750266,1769.4255509311843
Indianapolis,1180.3923571931034,1187.771666846853,1201.6353614484253,1220.0923346496893,1233.5045234833296,1248.8835395963188,1259.1918882855948,1267.623719496301,1266.2081729369215,1267.3778362627186,1271.8054808575685,1283.4686140056915,1291.531021811019,1295.2276613290037,1299.6766342496044,1303.5493527208575,1310.6714251712453,1314.296916,1312.672024845928,1317.243510428977,1322.3803563701229,1332.662426857174,1339.7784999990126,1345.8696741762972,1349.3860413314821,1357.5794123908065,1362.681132890347,1366.332067403166,1369.0666509097064,1373.3223965577474,1383.3553710096048,1389.007125779316,1398.8356093566729,1403.591939380162,1409.6882872261117,1414.2077685031793
Fort Worth,1563.328692449058,1575.4223662551408,1587.0403579912281,1600.891332871596,1613.4933352866385,1629.203559037652,1642.2377965719525,1645.4909066786156,1644.63919,1638.764069307144,1640.6732825221777,1644.0791735283901,1654.5755877388867,1660.9328553294586,1666.572648183196,1663.6736418066564,1668.997884230184,1669.1552616313481,1672.947996783826,1670.7829744758237,1671.5936079809437,1675.005898666486,1677.6615929666923,1678.0707783308444,1676.5598639349478,1674.9395866711968,1676.6613269236755,1681.9953538363184,1681.710229368331,1681.386260989947,1679.2408850414574,1684.2175876890262,1689.741894811884,1695.8892249941823,1699.207775774989,1703.5045071682948
Orlando,1791.7118915043786,1808.0383982710202,1828.6107803680466,1852.8843304285958,1877.814067275737,1893.9802746262915,1908.7772213018523,1914.661963621115,1913.218196758856,1913.3881114284393,1920.0972576788727,1927.1979896629769,1929.7653330809176,1934.348308583604,1942.448093278193,1944.479781917169,1942.0441428566128,1933.4999300195916,1929.5473524823005,1930.2841064431486,1928.622383,1928.9801224869605,1925.116578,1932.1330597478538,1938.3560673086154,1943.2438920695033,1939.5955933224163,1939.2736225182373,1939.8413992002454,1946.2328382128321,1949.5412870368702,1950.9982241506837,1956.6624071415883,1959.4089533914657,1964.2181268492523,1960.9710094640939
San Francisco,3195.6913125866427,3210.5291713748875,3215.8291458122667,3221.738206106126,3225.5319618758454,3230.8240194366826,3234.5499047759463,3250.3937319743613,3271.4531138566485,3297.8400649618443,3306.4744488008264,3306.4176894051525,3292.8114345130098,3280.447604,3275.6629869287826,3260.787095801369,3255.2494460546195,3243.7276761372736,3242.7362222796587,3237.7449042800486,3237.430146340538,3236.612164001255,3224.845570204112,3217.3114807002444,3228.265962124548,3240.668177982219,3255.4220392170414,3270.5286950198397,3279.516148895095,3290.861091837331,3295.8472402516154,3299.9215677063503,3302.883728937967,3309.014961369739,3334.165675877077,3362.3140424672924
Tucson,1371.1580560669918,1382.4612808562708,1391.8414940196199,1402.0582107663975,1409.7037880532725,1419.8434080545612,1426.8317539913073,1432.668107051875,1434.3626591108305,1431.4294222453436,1431.9374165860047,1432.8544182866326,1440.255938020681,1447.1953807152163,1456.1358397538079,1460.4195683835694,1470.3064563259436,1475.521389243904,1482.5107869989301,1481.3753911679323,1480.670958866963,1480.5255148469175,1482.1462445082439,1490.1649438157763,1496.5419185359085,1503.4546275645614,1504.1390907344542,1506.2108078839917,1505.4048783172284,1505.8510115168601,1505.8441900825487,1510.1057721081431,1515.7324346024463,1523.626754,1528.7069579529887,1528.3566091076657
Columbus,1224.458422768199,1230.524511818182,1233.436160691878,1242.568485,1252.5844487397928,1266.9655785819048,1279.3123114508044,1286.384315591014,1288.9414095048649,1284.583019760034,1282.5795646400045,1290.7411210222413,1299.9869152256545,1310.3617263997626,1315.4950103788149,1319.7619046880254,1328.4646536446724,1328.088535991731,1330.5621353405543,1332.8471483154979,1336.2732451195359,1344.0664923389772,1354.612515770487,1361.0119016265755,1363.4059927106268,1368.965516458388,1370.971979392984,1376.5888308405401,1377.6397411790256,1384.3369367858868,1389.8118334808817,1398.353885,1407.6660664557755,1417.5181757005614,1424.192093512586,1428.9387168558662
Miami,2635.5875843575027,2686.559006621253,2728.457386190453,2781.637307233315,2825.997028466259,2868.9225907729183,2886.9122497481917,2895.934745310226,2904.4769264847378,2911.164218030382,2918.0421605492297,2923.319162356387,2930.7168401568633,2929.126513960146,2931.8546501960473,2930.584726285967,2934.076159400317,2935.956168497986,2935.5445764371634,2937.6788860117304,2938.300838748294,2946.3662192158304,2953.977816078698,2958.177808903774,2965.6739257426902,2977.5718223063327,2993.1898080533692,2997.4309233919953,3001.2574805226423,3003.005582716693,3012.2391197940024,3022.561790489393,3033.459231255675,3041.0972953877194,3045.5839301342376,3051.887047720739
Louisville,1157.729871844364,1167.4143228089567,1180.4603595623016,1192.0984779625035,1202.8413660006681,1211.0378174456912,1221.9516707242399,1232.2126696453345,1239.1664989077117,1242.4119107783106,1246.443384440137,1248.473091470368,1255.9775258999193,1259.2233965835876,1267.7106796754708,1268.5303702280105,1276.9330943214584,1279.516154309187,1285.3141327172377,1287.2410448501032,1292.713724539455,1298.2691551627058,1312.0446992377035,1322.0580904570688,1332.8470235790383,1340.789822039607,1346.2548867553714,1355.8898295708238,1359.740775423762,1369.1026609982666,1373.2170157256667,1380.2405738725854,1384.7110576992368,1391.7417370884189,1390.587677258327,1393.117010704306
El Paso,1309.0537861748646,1332.1425229458866,1344.2092269337284,1352.2072369652756,1361.4463276456247,1386.795179209831,1400.6540252386765,1408.1354935477057,1408.402395450231,1416.3209786739335,1426.0369657648514,1430.563981975207,1440.2446578395225,1443.6401816973655,1454.5045592759284,1460.2834897559446,1465.967877091065,1465.9200810545376,1468.1846830397994,1477.2182299918586,1482.608946122176,1490.9063945419373,1490.9561589117197,1494.0668913113352,1494.3764406736486,1502.5076250439408,1506.8568436689281,1512.6219316955364,1517.1223229608402,1519.252434025731,1523.7059044170871,1525.4004230287933,1531.1138955490928,1531.4077575786255,1536.5947789075615,1541.1983674866801
Denver,1814.3597852413375,1821.2667435092521,1829.3215955400294,1842.6900711883598,1855.7004356655586,1865.854062381292,1873.068264,1874.0837740479503,1874.7329982633844,1875.7433766104411,1878.4706994230603,1883.4007677870245,1885.517531669506,1892.4595903478485,1899.3629125038774,1904.091729779359,1905.0241858943589,1904.465755404686,1903.8083900116699,1906.2658224303798,1910.012404058036,1918.0396580798074,1923.3431518023851,1925.8844954310982,1932.0568430553608,1934.7156470185726,1936.3522406263846,1934.6046178010267,1933.7886741858551,1933.4363158460096,1934.0853575780131,1933.9550906461182,1932.263694,1926.719895249771,1921.8294867326895,1917.494457899782
Seattle,2087.4536151527805,2092.121179480428,2093.1786366653387,2100.2789086182433,2110.8641680198702,2124.4828851702487,2134.523555620633,2140.6752605853526,2142.438612270238,2144.344907307744,2142.8388877129078,2141.3431218949077,2137.055002527171,2136.6800005049377,2139.228395114038,2139.0389183024417,2139.1794196161263,2138.1119475098467,2141.7032462498064,2148.2187809898123,2155.8348272452386,2157.578284976012,2157.0634924219466,2161.091107668934,2170.7024743038887,2182.0509993169867,2187.335612461637,2192.218691276927,2193.6340698989766,2193.5715710263744,2192.735574361305,2192.4727422418378,2194.208193345106,2202.0270437807767,2213.8543374729584,2223.485806012921
Portland,1614.357628439023,1618.4030447592777,1622.6852896777998,1631.6386212237176,1642.0344091051568,1655.860127549684,1668.7098788699388,1676.3876159253434,1681.0497060709224,1683.011189373399,1686.3007281694622,1692.8098435767058,1697.345470231835,1704.6373756416735,1707.3733763733374,1704.3977998443245,1695.504913789512,1682.3921808084253,1674.937685978238,1671.3371703953903,1671.5549385313243,1673.902677,1675.2865201421123,1675.8754640941838,1679.0663490315314,1683.3017411186936,1691.276577682226,1697.4393702635473,1706.4921287840134,1715.9023805079337,1723.0303867580242,1727.8219866113361,1731.0602851792873,1733.5642388150236,1737.166476,1740.0356581227352
Nashville,1734.4488681889493,1753.476593169402,1765.7383339677938,1778.1359160689046,1786.8873226706703,1804.2581531337396,1813.941249787449,1818.3953334522384,1813.8982310023682,1812.1638219429785,1817.408087611548,1824.2113914215695,1830.4645383751913,1831.1294193004208,1833.2190868508608,1833.488979730855,1831.1797991050757,1821.9166175158152,1816.8313452414982,1811.6621546300307,1814.7548014737386,1815.861141888589,1814.204407749928,1812.4910085279832,1813.1698871630076,1815.7530563040007,1819.8596335793004,1822.1106463287363,1826.0797706268754,1830.0166160071565,1832.9651987257614,1837.5376653076466,1838.5991891654883,1840.759189371628,1842.7132633468757,1844.6311893606173
Washington,2263.2477250218003,2268.768375760206,2279.343023511519,2290.2987280465245,2300.2458436536576,2305.219202626486,2311.996407613914,2320.3253856086053,2328.0147096769765,2328.427660894628,2332.4726915245274,2339.5997309605286,2346.6461905403203,2352.4214646506025,2358.752463427271,2362.080571518283,2368.1661205523596,2367.3645086878755,2373.794141065671,2380.7913458136018,2389.356237775887,2398.2458900496595,2402.466817087935,2405.5263894278214,2405.4582836685004,2412.8094828853577,2421.1605121057114,2429.413450338509,2434.311311851662,2444.625334469697,2448.9479977275573,2453.384861587385,2458.2123097796666,2466.2196754075194,2478.1212334371526,2491.2225964501467
Sacramento,1948.3781651652885,1955.3974389863395,1964.2849013825119,1976.1142471628896,1979.1524086129969,1989.1003024896397,1998.990308616585,2012.5011024846058,2014.269470445824,2021.6644347690249,2012.4474651030775,2013.5251068301966,2012.780290955323,2020.74181,2029.4986867980424,2027.665665538672,2034.3713669963363,2035.241029248053,2038.4275955625292,2035.8657732761355,2043.5317522061891,2044.6309113594061,2051.7371218559133,2054.0594671093836,2061.5150548129154,2067.785410588695,2075.1700345132385,2083.6868175061045,2087.290281234719,2093.0983401813974,2096.6232635359925,2103.5945054949143,2108.141430988826,2115.5754333489413,2124.2202162145054,2131.9793380670258
Boston,2807.8292060602403,2803.644042982174,2811.6522983344207,2827.737685,2857.9391597091058,2887.3358463102077,2917.747050572571,2958.3264643619805,3008.173896827316,3035.3437566499492,3042.6268957755165,3039.4660647910155,3036.578817546027,3053.7312760576892,3069.456779462204,3094.2620325550324,3110.1958843955617,3123.6787260465303,3138.3073412771782,3161.5750737523863,3176.600135,3192.293402073277,3204.133486,3214.208128503612,3217.7703992606553,3229.8062438033494,3248.8175199173697,3253.853054,3256.9561705528135,3261.8548397961326,3264.4861430708715,3256.814301,3252.1315133742423,3256.8736675757013,3275.4529637459564,3302.2696696996863
Detroit,1133.6319828785204,1144.428544879764,1144.1046001228015,1152.2191344160842,1164.2945816157933,1178.1839090318406,1182.3423664515476,1177.8651401415905,1186.1053861531277,1190.3845577876277,1203.1808319130248,1210.8572232909487,1220.9149241162188,1216.3320947989937,1213.8052131738107,1216.4417346073121,1210.0488453352145,1213.1305823208672,1214.813339156791,1231.011124532468,1238.879603484674,1244.1354513355702,1253.590670043316,1258.827184929813,1261.3710680673885,1263.067810975398,1271.4555814548396,1278.8979380365984,1292.306945865327,1295.3424454453918,1303.5090895313083,1302.9454885777614,1305.3009649970054,1311.6821294611887,1312.0952449847698,1316.939228353874
Pittsburgh,1306.0588200784978,1309.0140544229696,1319.9975529050319,1325.9506439806312,1334.5672759004106,1343.0011043055563,1354.2055773581562,1366.8229269249925,1367.611383858895,1368.494854,1366.0926574339067,1374.101015021002,1375.0546912578045,1382.350411143452,1385.1566032019393,1391.836015299408,1395.9594537354658,1395.7725738065733,1397.0757329001983,1396.788776889405,1402.5904917094513,1406.3179217945951,1413.3005520189026,1420.7833585485876,1431.6083400943837,1439.5717242894111,1439.0891560625132,1442.0806937173206,1445.7177812099033,1452.2128714585426,1456.811385360319,1461.8746015625995,1468.0681229834997,1476.2208407537407,1483.0301813752274,1485.508790834971
Albuquerque,1359.2669201136475,1376.420183,1386.8467780204624,1402.5437272861727,1422.3141812304277,1435.0440556520957,1448.1584975655032,1449.0420380993487,1454.7382883292278,1461.8633533357572,1474.4541940662468,1481.159416028608,1491.181236966524,1489.2764212277607,1498.514485347408,1497.4185482899597,1503.7146405160756,1505.6823419045475,1511.2774454022729,1516.4928483352685,1520.208781955904,1526.0320208997896,1535.7023750475803,1541.9426817657206,1543.185263673081,1546.2395850733376,1548.6168390740834,1555.308749,1553.946376836441,1559.3809048126263,1561.4919021980152,1568.8982132098845,1574.916936864549,1579.8536845174199,1580.7932790284588,1584.9337979234665
Memphis,1163.7303321528425,1170.9198830847517,1175.4742470442177,1188.264520159043,1195.9441925147453,1207.244675321367,1210.3358208822547,1210.7324556006258,1210.9203739843663,1209.785831915011,1215.8608587113029,1214.479562317012,1221.137143965022,1223.84287,1230.4449859212268,1233.0742333926353,1232.2452612748277,1233.180689157952,1233.2802126219829,1235.047227468249,1233.0058959614187,1236.3465882435482,1238.4373776451775,1252.2667737635245,1262.6888848945132,1268.400828415428,1269.2248965462622,1271.1071108198385,1276.4393732440394,1278.4071507316503,1284.3115067631632,1289.1109439420145,1296.2437226417783,1299.4368126377192,1301.1610595165184,1296.437014570249
Fresno,1615.4260401304005,1617.4486426527126,1629.1582917468531,1642.5114496852557,1656.0797882483869,1658.5143728598835,1655.7038218045248,1658.8788004991484,1663.6770978108489,1679.4553006867657,1678.3018099389674,1698.347539998713,1699.8868342828912,1717.8717438550484,1717.3530202328236,1719.245083446767,1729.514307393241,1747.7932971213188,1760.8053709948174,1761.960684577471,1762.4700366249263,1773.1193071923874,1790.2303170471619,1793.3918036629075,1791.953324626702,1791.8128711318025,1796.610984540396,1803.322515037773,1801.5064248584442,1801.8659269063662,1808.3752005604658,1820.043204087432,1833.5879611132425,1836.283498529754,1840.5380787983067,1844.968170697823
Baltimore,1504.4773576382886,1510.7417926464504,1517.5246901350977,1527.4177346937913,1529.1850263031906,1538.7495786055604,1543.480505403167,1550.3351376315757,1551.8288072108835,1555.1188972158338,1559.0082665204418,1563.402277117354,1573.2954659606305,1582.0002907017117,1586.3344461040033,1581.9846344392688,1585.0157975391946,1589.978154808812,1599.7423164724607,1600.007395234026,1604.7132275312574,1601.219575,1606.0076156057214,1606.1113820622847,1613.6672935534052,1619.761773971892,1630.9768651235865,1641.7926777148962,1650.0112234047895,1652.0362155780979,1653.3080415926406,1660.902498118287,1667.4347493830878,1682.239813,1688.5662046118828,1699.0364484393315
Omaha,1148.4665383854108,1154.0767494967126,1162.2635243623758,1174.5270928910713,1183.4747220890508,1191.4342401486408,1199.7738173799057,1210.1013076864463,1218.5338965071564,1222.220609522397,1228.7718665946747,1237.2430105338165,1249.9210299024012,1256.9381394135648,1265.696810935858,1269.9458219628084,1276.037577583045,1277.9846564062614,1281.6013894498228,1284.8655083221788,1291.548070823918,1298.1697772417162,1303.7308585254266,1305.925344156699,1308.144540211748,1311.4893612169735,1317.0263593955583,1321.5855339869192,1325.7431537304944,1332.8146937778624,1338.7451939585783,1344.1543666847363,1347.7011836186741,1353.2673580313601,1358.7877982512196,1366.4888194805173
Atlanta,1801.4495132762809,1811.4927039209492,1823.8891275789133,1836.2107929552212,1850.2547735852872,1860.9298022112503,1871.0377254218652,1878.266839443959,1878.8382497392383,1872.9664098613598,1872.1247747674356,1869.778316346455,1870.598347,1868.5696707601298,1877.7084704134545,1879.986716912977,1878.3574235389206,1871.1462674512406,1866.316726792085,1863.5583913473045,1855.8985396372645,1853.0862429741474,1848.5346039544959,1848.6372928780265,1850.1675750609284,1851.077593912054,1845.0485671628164,1840.2133638518233,1837.5564577052623,1838.8011213959103,1839.0111170798543,1838.246233,1845.150990438949,1852.5702121867653,1860.4507944540105,1866.4105476989553
Milwaukee,1155.1293166648802,1163.3701015431116,1168.1157472455577,1174.5003711320485,1182.4798982659374,1191.2496037892877,1200.3084373258316,1212.356296769782,1216.8697854377613,1220.6255904074023,1224.8632755000226,1232.2349928727847,1242.6892818570552,1245.3491374678722,1250.6916662175834,1254.0181039012825,1258.1992066954547,1260.0053746373858,1267.5854369350968,1271.0884216494892,1284.2522036060186,1287.6484584894029,1296.9141583408914,1299.3963290195265,1305.4284492288243,1304.7473818088126,1313.9210135459355,1322.0758806763645,1328.8659220237705,1336.482902114945,1340.377348971837,1344.930754413318,1345.2708106097823,1352.849839038506,1357.7957369590706,1366.5354683682751
Oklahoma City,1133.2259233798986,1142.703641772806,1154.6924422403474,1165.6675572778731,1178.1852079887785,1186.7302238071404,1192.2325294727234,1192.930790545037,1191.6483549050433,1190.3028757273917,1191.415475678251,1195.8696092761907,1199.6854797795563,1204.5272070265482,1208.061695370855,1214.151106239388,1215.0564429972299,1211.521765685039,1210.301521825954,1213.4915345965558,1218.811965012535,1226.2649510809367,1233.734568,1239.3145030414325,1242.4239405482888,1243.6516116998318,1242.6265778392328,1241.232353511356,1243.0237830434025,1249.7304090319508,1255.8192001421248,1261.265180078578,1266.1265929694273,1270.813095272515,1274.4078661734468,1277.7574260328886
Raleigh,1535.7078149310819,1549.3000774885136,1565.9486748344673,1583.5254920342209,1600.130917324362,1614.4557053581227,1621.5747311298833,1626.1937964384958,1633.4717850749523,1635.7915441309958,1630.989436014158,1625.2654435476777,1628.6453554070338,1640.2224993793022,1647.1127725516362,1650.3881059751236,1651.440673500864,1646.7121233603857,1647.6893215975767,1645.5379347239193,1649.6336305222092,1646.8024366723323,1647.1379375521294,1647.7107025882165,1646.5630063750637,1650.0027153379472,1646.646104045914,1642.9130541425575,1639.6948387597822,1640.356298603223,1639.6689554362051,1643.4138458300824,1641.969301992508,1647.2606871830858,1653.1185641466247,1659.8984602963676
Mesa,1590.766607300473,1610.998296,1620.8984576586972,1623.1240364955333,1622.625699,1620.3238577558839,1624.115542541697,1617.8782137359492,1611.9672531219144,1604.535792553011,1606.4965584404458,1609.9519609820763,1606.426080114693,1605.5683475310707,1611.3080106081582,1615.8163879595595,1618.196982539589,1612.2047056365416,1611.2084899245106,1608.4374813275972,1611.7515274038074,1615.862848278902,1620.2175411446365,1622.769179501806,1623.5890170460957,1621.933320147836,1620.5209985878082,1619.933824461278,1619.932376127575,1625.8294063583126,1626.3228567220187,1631.8044160523582,1633.9716329492783,1634.816413748679,1633.0703388743996,1630.7870678633465
Colorado Springs,1663.8029501169335,1667.1354716947526,1676.6128911157316,1691.926165,1708.1673173531378,1720.1004081748245,1725.9573069545384,1726.6803129618092,1723.9003903612174,1724.8796214040876,1724.2901040640754,1730.5456497680805,1735.9163889236186,1747.5187458555174,1753.8423136668212,1754.1093015430638,1751.284382365866,1746.689159828318,1743.6942048214337,1744.4323318290758,1751.5441007085158,1757.3581458378421,1763.8725531033829,1765.1816940854887,1768.759358,1769.8916360585408,1772.4055524131538,1772.4970397736545,1774.1660835669957,1778.334267987455,1782.860339133172,1786.8597948070824,1788.4213732186292,1790.2254415050693,1790.3978779995075,1790.5210282975788
Buffalo,1145.1359359734136,1156.0980295568231,1164.3363537117743,1167.3198534679952,1174.0637401841966,1181.970741083715,1194.1469190099563,1201.674567110481,1205.2469548480653,1207.550234955226,1219.7508193863532,1228.0341418312669,1244.504973384199,1239.7739570643594,1248.7709777154914,1248.9941265019881,1256.4525585539882,1261.7452134985347,1268.8071955960377,1275.8085736884393,1273.7864085335339,1280.4450589080182,1282.0079495518721,1294.6056531624724,1292.1035939230974,1301.2185176713513,1305.7237455503089,1317.7376191098804,1322.5755711507131,1327.1500139690406,1328.061770190157,1330.320166476139,1340.6604834649345,1345.7901998061645,1350.0307038994872,1347.2855346495035
Kansas City,1193.834551590722,1204.1029477973839,1209.512262380655,1219.6157447178675,1226.5755413491613,1235.6686208881529,1247.0072830467454,1257.716081295051,1267.9205650674508,1269.2913254611415,1275.117416416346,1280.7627613565658,1287.3015371320719,1289.4172667373223,1294.525835746628,1300.5058708920321,1306.322685824363,1311.9646315330451,1317.756063234904,1326.2222050872808,1327.1436002712314,1335.7062835051456,1344.2396624812056,1358.363892400014,1360.7356751715993,1363.3093360486214,1366.3458436115845,1370.7885889669938,1376.8557026920798,1381.5725853004892,1385.851724212604,1388.534015314336,1396.9928983357631,1403.8109885660808,1409.0559879752363,1410.2472493939033
Rochester,1234.4601736465572,1247.5220171625338,1267.7205045455414,1285.548458861768,1302.2848169312228,1311.6101956672708,1320.6299111382355,1319.838346293007,1322.888481211844,1320.131953644059,1324.6112326610985,1327.9065722233245,1345.6426862681155,1350.095433337168,1354.2257370902737,1357.4284716081024,1368.197465079429,1375.7472865111924,1382.6409405526272,1390.4964354364909,1404.499848,1412.847879357603,1419.1184953401787,1423.3955045649739,1423.1194320049105,1436.2950563238953,1438.0081095549583,1442.9701464911432,1441.821427342714,1447.255366373533,1452.4848105685828,1461.0366733799076,1464.5245846544726,1474.910817038401,1485.1528625498995,1497.1066975755089
Cincinnati,1198.1734862625708,1206.7950537269578,1220.6631277130382,1234.4235499438844,1246.0055120431844,1259.5816505158305,1273.2013540006087,1283.8219795854723,1292.2917132998407,1294.741929,1298.8326959978504,1304.7387978432148,1314.1046129404187,1326.6885867722517,1334.5505605749415,1338.9265127852696,1346.8868659180107,1349.3680216400364,1358.4151133197408,1362.6907016219932,1365.5188758691675,1374.1764649963623,1380.2313802456142,1398.5248665211045,1402.8456750468608,1411.0293517610537,1414.7824043409921,1421.5080366175644,1426.1208246110868,1433.2866133518835,1435.9376938521011,1441.7818516439306,1450.136292839026,1457.1416652596956,1465.0431502342387,1462.1170312094139
Long Beach,2068.9066949288645,2091.2965226069527,2107.1728201344067,2120.0374990907203,2134.685876209403,2149.618433221957,2162.9487915956233,2174.3160840506152,2185.657581301854,2197.8755846893037,2195.537171,2201.5791712663245,2208.312554828652,2216.0537246374324,2217.0427928052427,2214.865950954612,2215.889605331101,2224.217079902336,2229.7281673206267,2233.2479480031498,2227.790358,2226.502327493705,2240.8925906565237,2264.503336518671,2264.6634167701927,2265.044612880975,2263.089573913894,2273.436226342849,2280.246555175924,2280.759763743564,2285.0096411805685,2290.2614047487264,2301.895897563502,2308.991249047717,2311.7531397205134,2303.776819096221
Virginia Beach,1613.2132317497253,1619.0804176389042,1639.0302579613976,1658.1012632293255,1676.0148910068956,1680.3738522168005,1676.8053197510665,1682.149199619839,1688.7214986255312,1692.0835984814958,1695.7398317094733,1708.6924610034855,1725.429426437528,1737.6048755070926,1742.8475545545682,1743.2589265197403,1739.0600717621533,1734.2505343353423,1742.2808885377544,1749.9521427694629,1760.3851736804538,1767.6717335006927,1779.3487318108062,1787.5367911104374,1790.2856648932302,1792.6140627160853,1798.3772368514592,1804.3831842375323,1813.6352477388439,1828.580006495565,1837.9308542808756,1845.6670007945525,1849.9296809046962,1858.842131948312,1864.8321866165986,1870.2648840291533
Bakersfield,1664.4981811674868,1691.8312367774283,1704.1778054397191,1727.7877335725855,1744.40526,1756.7021345058447,1769.1987779506812,1758.9080937307785,1765.2431007111843,1765.4886764608834,1761.8313617460703,1757.765665566122,1754.0876796780167,1761.9568734285558,1772.790400471147,1783.5544397798856,1785.9723118617824,1789.8716576044549,1800.0830869369058,1818.1832542471486,1824.3604677664885,1831.9838192780408,1837.531567481452,1852.1398484624888,1854.8249033246484,1854.3935131123048,1858.615113754498,1860.1476732377685,1865.0549317494012,1872.6213300645086,1877.1270822615384,1886.1392349465843,1889.3282160944993,1895.7302502034345,1903.033978,1908.3470230591222
Tampa,1966.0358883675424,1986.6742534328498,2005.1730467887487,2025.5149469325775,2041.0876809293823,2057.214705996235,2060.857242401341,2063.7070530030346,2058.588382444307,2050.9541449177163,2050.5441305147274,2052.811592,2062.7895694738027,2071.581855518941,2084.998746880457,2091.396952368447,2097.6996088945207,2096.441155372582,2099.6118302852988,2103.5787277608024,2103.9458493687553,2106.6395475868885,2105.406871,2108.9854017438797,2110.000849364944,2110.558495148731,2117.116150079985,2117.8843945325625,2118.421401400349,2121.7649715557955,2126.323855681424,2129.7480839880036,2139.256867208009,2150.9298652289813,2163.74656,2172.4336772692895
Oakland,2505.1260232927784,2513.7246005047145,2507.2094074876886,2521.970325032959,2525.415986326847,2537.8470686837068,2536.8155757851614,2537.148833789888,2533.867082,2528.120682661632,2527.540836256431,2524.342168072425,2510.533921850385,2508.5791812890707,2531.5429191739718,2540.081579623371,2546.560619478279,2516.2153942009686,2497.7368894068054,2480.3908161253107,2477.6054575189846,2471.569906981351,2465.307606658349,2454.7170742465896,2454.219904238271,2451.7725912277033,2438.4817202258055,2425.3418202616504,2417.250271717154,2428.481544723408,2438.0361221815574,2447.2710986856832,2449.869312406588,2456.087288920742,2461.6719352588325,2471.060707734155
Tulsa,1118.6764862400441,1129.798829182029,1140.4372664195612,1159.9292003700932,1167.0113353064921,1169.5065663758253,1167.538917997865,1173.0996358655693,1168.2526997792388,1170.2280568699107,1163.9786437978423,1167.4737955630249,1172.7145212287994,1177.9234120317772,1185.487244137474,1184.3675571244075,1193.3693970848801,1200.6524345427945,1212.4164870411282,1214.356241726599,1216.6324879816284,1220.627301572747,1232.412020149068,1242.0101214894046,1248.3614145980503,1250.5100240102397,1251.4696031233123,1255.9292442039498,1258.2611087967973,1262.8087000415549,1265.6356630583125,1271.9464846528374,1281.778336845461,1288.900033880737,1292.2423574744735,1291.774053702653
Minneapolis,1494.203622659458,1498.4488269816582,1500.5989844965138,1504.484195170833,1509.147794009523,1512.5364739726308,1515.7465043908041,1519.401161849802,1521.8374975360136,1520.794076700629,1517.2505279946704,1522.3335276518524,1522.5623692639972,1528.6264038162267,1527.602291068385,1529.5908709398568,1529.6742009784066,1530.2017435055375,1534.8994580131766,1534.9796007451544,1534.926077975558,1540.7809903332536,1546.6591543902261,1551.1745260336522,1552.235749851109,1555.9950412012322,1563.0413997419046,1566.1201147143931,1569.8013877482429,1573.5869398055997,1575.1891133787217,1580.588834,1585.8250498578552,1588.5508908309823,1591.8788796171386,1593.163220983102
Aurora,1697.1921750367246,1704.1338110656714,1708.2983569744615,1720.7756881755172,1733.9049853301804,1746.9699260584575,1753.5310012118643,1755.8979292560314,1752.9604462326006,1754.710145088037,1756.772637700705,1764.419741113529,1770.9460224378286,1780.900010627281,1792.5877528945396,1794.5426174875065,1802.7764210940734,1805.3480065889269,1810.0000778873386,1813.3604615425309,1822.3077135184542,1832.3305484496268,1840.282522557406,1850.1295581212933,1854.6874987770177,1861.6931459697641,1858.3468685832258,1860.8665759391147,1856.5367366782425,1855.5192344124462,1854.9810666619296,1854.7295301777679,1851.8024847269305,1845.436767989323,1839.5417200441304,1827.2432530892754
Spring,1588.8854871590947,1610.437493780026,1620.1775539004811,1638.4159775569897,1647.1297344070806,1653.0515495234843,1650.7199462427059,1646.1863052808815,1646.8992477436934,1649.7889655642832,1656.3144818212618,1657.890314889086,1660.9109823911042,1670.8280089555856,1678.5258487986341,1678.8478030597842,1676.0795460603006,1674.6589378291749,1675.530743447163,1677.6783353424505,1677.5044398269395,1680.957793,1688.0237962994581,1695.4587727849096,1700.761447121675,1696.5554696555046,1694.933766742049,1697.7335992298404,1704.794023836966,1712.0311506621626,1719.7077925675906,1726.464147104559,1733.6432312123516,1737.3045327637124,1737.8937403409066,1737.9449120911977
Honolulu,2278.447667719629,2314.4235088761675,2348.023533836383,2372.075035371794,2375.59104,2383.6563625475205,2389.121780227932,2394.273627099611,2399.6883234329844,2407.8357446904442,2417.755722276296,2436.8554151220947,2464.1242561285535,2460.570951567862,2457.752851661752,2465.2764640987407,2482.10925,2479.7512984721257,2472.473099667308,2470.0964494722853,2484.8965197274906,2493.8738463503178,2502.0021323344836,2505.579187261009,2516.319720373859,2525.1241012810005,2539.7210782668503,2538.591638259346,2542.4252753626015,2557.8617821256744,2579.3617537845817,2595.3017182359176,2595.9399775805814,2603.445933772147,2612.857447332161,2621.894949005185
Knoxville,1417.913073868714,1446.771970452498,1466.9254506321993,1498.524141160221,1520.287966,1544.2728116689257,1564.398448826234,1577.6747308472725,1571.404360897163,1569.5348474425164,1578.0328846896966,1599.3891501511614,1610.8420284905033,1619.516479,1634.4436012538129,1640.7963875109465,1650.4783014095817,1661.004355153792,1662.6802876639322,1668.9420411810686,1673.830326096971,1688.0987552521467,1701.2624758570512,1704.6663766466438,1711.740595,1712.8304549326358,1713.3586823080136,1713.8760431791243,1714.9184325209912,1711.8067394413526,1715.8724959383337,1721.4787459107583,1737.6329593297903,1746.8723206776976,1752.850364199304,1758.6165063053695
Arlington,1616.8068548513156,1627.0239172501865,1627.6451594881062,1646.2092142489419,1653.2951720512497,1666.4015335526344,1673.2841789132233,1687.4304640518717,1696.5634117267282,1699.2676445837408,1693.8227048926037,1694.938713423452,1700.8594560686497,1715.9732585868762,1729.6787754408429,1731.414927051362,1733.5802772500713,1730.3043207916257,1739.5626756269849,1737.2330582342072,1730.7754431898686,1727.2205750283763,1722.377789678928,1728.3933556085806,1725.421632842665,1724.9672718346228,1723.900041116389,1721.876639879279,1722.9282057679343,1725.8393901251668,1723.804763087088,1725.498646346638,1732.593288724866,1739.005773827882,1751.011050909389,1751.726183
Baton Rouge,1264.0285465242891,1275.3833351999954,1281.5800813080598,1287.1331924792323,1291.1050945898705,1298.5578079471084,1303.2850950415925,1308.7492360281083,1301.2179987243546,1294.5619940908969,1283.7466724463666,1281.5751124829003,1282.3015607398524,1286.8356081757447,1293.2013624501687,1296.929144478535,1300.3920097093371,1301.0957950959091,1300.755809965736,1296.6837996932802,1298.3628124010224,1306.933893260008,1317.7516174813109,1318.0959548905116,1325.7311809780863,1322.351743923876,1323.5964426116707,1324.5428369911415,1326.9379888797885,1329.3964742713063,1334.2017959519542,1340.2448721377996,1347.2971040046555,1348.7541609236973,1351.4244620159193,1358.281139134204
New Orleans,1523.4328663467302,1538.7935791969837,1546.4286560003504,1559.1352561862377,1571.8516587118716,1582.4142309528902,1584.4785017984605,1584.8118830406968,1586.4184952764074,1589.9997815929273,1594.2741600207548,1594.9484655455515,1589.4782534641217,1596.3526086653278,1600.2653682062157,1605.1629165000397,1608.558428121669,1613.053743104853,1621.6024236794146,1626.2352928855928,1622.7465459646771,1625.0719658947824,1622.1820929800824,1633.8449843930227,1639.3018414696364,1647.8264530534163,1649.6045937238398,1650.948684113819,1652.1822792886117,1654.1650300627086,1656.3079137666189,1661.0709347355082,1670.4724930048071,1675.120323489523,1684.441848193084,1683.3284060047936
Wichita,868.6598873,874.1786050402104,883.2464565022855,888.1874558271177,889.9089619273304,892.3371509939257,900.5619501712981,908.8728646129446,914.2294952275191,920.9471999833413,926.6295856811756,930.3371609324929,934.2962416,934.6965298126896,940.7131190394475,944.1004725161753,952.8900546140117,956.6119406098084,959.5915001,962.2320157619237,970.0047911558936,977.0865386192106,976.7371634818113,983.6043343435122,984.8943713659178,995.4286194,998.0100434618597,1002.6024842682095,1004.7739150865509,1009.5159413319394,1013.0258850490482,1015.9700649508262,1016.5477742930457,1016.4787611793729,1021.9235807078134,1023.0117018147818
Cleveland,1064.755314073341,1078.457016029564,1087.8708468512868,1101.432843019324,1105.8712116250072,1113.4626491699998,1118.5310058980658,1124.5222067214934,1131.0550356127897,1126.2746924101252,1131.1736590773794,1135.0014092221672,1152.1140902813124,1154.2251849565807,1155.892966246022,1163.136478095619,1171.6777291650083,1175.496719451696,1178.019902550781,1187.1748748044718,1193.6414520428457,1202.0299177907777,1204.642868062255,1213.7521399521552,1220.0502293548116,1240.7257312324045,1248.4669850908483,1255.3242749222557,1263.6862117101118,1274.5376393336612,1284.1099569760281,1291.299869839903,1299.6803958477728,1309.6511719139312,1320.0383197899291,1326.230468461524
Riverside,2138.4905840651313,2154.769772664388,2184.116236609012,2198.290352720381,2218.3290371363732,2240.453070576117,2247.3894784635677,2252.5633506492854,2250.0508826700516,2257.028270767206,2252.0504150803667,2260.5553967352193,2249.3945113310037,2243.121842,2248.4337624549307,2259.7389085808227,2266.1127530036315,2259.980671681342,2264.939175435755,2273.4574619078157,2274.437460279686,2282.139023645055,2282.455964425045,2294.0665869400013,2286.6570810831836,2300.198027388316,2306.2749579926526,2307.018092158828,2308.4088581228652,2317.4835936349214,2325.034208003555,2328.6659098577206,2340.3380985583713,2345.6391883471306,2363.9656129940176,2374.1605325779683
Anaheim,2355.1039319061842,2365.9796357314412,2378.7084056251542,2417.2050731470686,2440.3227479035204,2458.6991874346463,2467.3482689416146,2466.5869112772493,2466.9318202832405,2459.552588031542,2470.656716,2474.2899791291948,2480.6006130393102,2497.9407890670864,2514.4314229073784,2520.2218694543776,2515.1559537312037,2517.237073444373,2525.821105946899,2547.5235871992513,2558.6823165960773,2580.625056937932,2591.309510050118,2607.5278065656607,2610.495410722308,2611.2886475503883,2598.6932370535355,2599.6740270473592,2612.838494023876,2623.019353472269,2631.984438964809,2633.845645,2642.8229292586598,2651.086035579589,2658.569090593061,2666.010199258293
Vancouver,1662.6126084969944,1668.1058883185215,1676.2590896037582,1692.5290942737377,1709.9940909608436,1728.065143531625,1742.1082602006304,1752.9493360262018,1762.2415091883136,1765.2394974812014,1763.954804343541,1763.928519368663,1770.6983766180508,1778.8713262235487,1787.0904817417343,1786.4850283519575,1785.7134539432213,1774.6781912875235,1764.0525786117955,1756.2021883191323,1752.6199043878378,1750.8597856190845,1748.167626807419,1749.5680601632448,1750.967738304333,1752.5634915400703,1755.3904130750889,1754.270250483013,1752.6656319775402,1758.0732624076238,1766.4176369382683,1773.2018904672063,1779.0983951953547,1786.6503198598655,1795.846387,1801.8207612462722
Stockton,1877.2732820467286,1881.254254147741,1897.826840072964,1913.602004,1911.2034457778736,1914.0133126946232,1901.3765610066644,1915.8718065173541,1921.5212545552185,1935.3504861394413,1928.9638079405604,1923.1895233177488,1913.7286806530312,1920.4009226654196,1926.6854988583957,1924.4819603599888,1934.9295707948538,1955.1625125608073,1977.069560175932,1973.0549009037336,1970.7140084813864,1977.1392733324756,1979.3184942140847,1986.0207434821575,1992.4928362375433,2008.6211674894269,2035.3081762255842,2042.495292228162,2052.392690119896,2046.551575231237,2050.2230490509287,2057.0656735607736,2070.811065191912,2074.447064892841,2088.8019499015218,2095.082094828841
Marietta,1763.7599727080637,1769.3841257868544,1758.2962194223774,1771.3374384398858,1782.5360913880531,1807.395652687782,1814.022289752485,1812.9760804364914,1805.5965404381382,1804.8944148989651,1814.131886946158,1817.2975209299032,1820.060748139884,1822.8980406207609,1835.2203989182763,1835.920698717353,1838.8678513473162,1827.1539196231918,1823.5907049669438,1818.307392563007,1825.9670100264761,1828.679206012381,1832.4843183195655,1822.5077454700947,1820.6884114565653,1820.4945920825485,1838.9237021643476,1843.0905748720404,1842.1336126443557,1844.650441817267,1848.2658089811537,1856.770123844246,1859.944864383594,1864.0425217110876,1863.0877913560003,1871.5696899918505
Columbia,1210.8917205098194,1217.4147319508259,1228.3783621413445,1237.3002997081671,1251.4695177704682,1259.2970503787842,1272.5257666778923,1278.2109111211407,1287.9892472645602,1290.587763016006,1293.0255170635176,1299.4118726093932,1298.684375525287,1311.2691517124774,1317.2983954738622,1332.9093229116984,1336.9689356974038,1344.3916993123246,1349.1273396382262,1358.8059994706357,1368.8165054767912,1378.8552342186083,1384.5962673871095,1392.9923735026234,1395.6846658771863,1397.517159529288,1400.2067019448405,1399.8782080171914,1405.3775216657727,1410.820703142237,1416.3429897704445,1421.5220260143863,1426.9219947435215,1435.3934323386763,1448.0728486776325,1457.029776441969
Greensboro,1255.3264829489071,1267.6566127585936,1284.9656413938549,1295.2896563315733,1306.015013807902,1318.66709,1335.913213434605,1343.7712472932028,1344.3753238424397,1337.9965746340397,1345.8813777706816,1358.7726969052146,1370.749536445442,1375.4221332570535,1380.1988701135351,1384.716604,1384.0155473450138,1387.0914094962973,1388.8616913630942,1394.4635904299323,1401.8080974509273,1408.0995671513747,1415.410310536707,1419.3506635704837,1425.0823062611958,1426.036539349006,1430.376217729078,1436.6219798959598,1446.9021250150565,1453.4730821219534,1456.1623668885816,1461.4864869279063,1466.322388238071,1477.2950615680047,1479.4458599587426,1484.001334068718
Fort Wayne,1000.3075849043718,1012.7283629823586,1027.5685630836438,1042.0103182965838,1052.2772515992447,1058.40769,1059.2107745994188,1055.5819653319916,1055.995333885644,1059.3426015047792,1063.3096707114546,1067.1520371741951,1071.0549760766332,1075.4357943583036,1080.4618230965666,1085.4372802599478,1088.4513889185448,1089.3827596620172,1086.9666298054888,1085.7336444322405,1095.1875660590783,1106.6095653457073,1111.4583485030375,1109.3184030214188,1113.6508845868689,1119.678341998398,1127.7476371860519,1129.9220373110602,1133.5777194090463,1139.797215484653,1151.519509,1165.2267868441472,1168.1008879401327,1167.7917563212482,1170.4009998201373,1179.3332412609682
Lexington,1162.5130244195825,1169.208769325991,1180.7218812468084,1194.4274247341957,1206.5958044841832,1223.2877065641203,1237.3246009774416,1240.3030803231852,1239.6773552164775,1242.563223693425,1246.5868933425977,1260.1530198671944,1275.1209843669717,1288.7446980206403,1293.3957029296641,1296.9043318482961,1303.8118412518406,1306.8121940855322,1305.255131473966,1311.7235182516654,1318.5366993436587,1324.6182212641377,1332.4415556188137,1340.0073944537235,1349.9199829136244,1350.581376452311,1358.810341821995,1365.2909503038331,1370.013785462648,1375.1962039807504,1384.8154861859716,1393.3991351083823,1403.6821006323428,1412.856409234124,1419.8964312556056,1421.9318410143937
Naples,2526.604389305151,2565.553082580437,2634.5506929749517,2674.0013921550008,2732.835041,2745.5612842105375,2728.082837669698,2666.023126243579,2664.689734574049,2670.663251331378,2747.3357851794412,2787.680506659918,2815.2754799751606,2819.9676013003595,2830.987133738951,2841.2704857506506,2824.022399109682,2827.465652280898,2830.3414496653104,2842.1907053905506,2844.9408710861776,2859.7380359014082,2843.7559589154416,2852.422887,2850.1232285338065,2862.6791023939822,2833.7392345088856,2831.1300052008346,2839.9434017686344,2848.7825419784012,2867.075847517145,2891.412098,2893.8217785019233,2890.153190375803,2870.435561,2855.9448125132963
Henderson,1788.3696447289258,1797.2543494313122,1807.980532100705,1815.9248969361142,1819.1754872906038,1819.9399280169673,1814.8785056032996,1797.9761323787718,1778.9207457090088,1763.5044439828544,1756.7787850983145,1754.570405318396,1760.9297391439009,1764.2328174908005,1774.9697137432588,1770.9763213463946,1769.150055216447,1760.5074092300367,1755.7880886811022,1764.176664594789,1773.5746198468103,1786.1390666458067,1792.3377208811926,1801.4810147494566,1802.3967227008702,1806.4881331462825,1809.002992395741,1816.3678698815288,1820.4533187389463,1827.7235364712656,1834.2998575368476,1837.9950872212626,1841.9918013824201,1842.4685150637367,1844.0830840189474,1841.722419866118
Corpus Christi,1292.2134347439096,1295.0114871536405,1291.486202050928,1298.591016729626,1305.2622999587345,1314.0913206287023,1311.384140944368,1309.5763504020183,1308.1326112156694,1313.478912,1309.3243257100326,1306.2422204551879,1306.9471477246466,1315.562433649049,1321.5190467551636,1329.9956587685936,1336.6159822748943,1340.506992831968,1338.2013856451047,1329.3036614355885,1327.914871151334,1336.5841590616285,1341.1259532966258,1345.2400082335334,1344.3296957112725,1346.662230348852,1344.7891923462903,1338.6194491831052,1333.4473557586423,1331.1838546363672,1336.8227266745705,1347.3868129390921,1355.1828756159541,1353.441120109742,1358.5498770843385,1361.9945911400655
Saint Louis,1135.7657671960706,1144.3552871780134,1153.8927999033385,1161.2774261682457,1172.9231368986766,1184.8207043757488,1194.8050755124525,1206.169429093522,1207.1181330850732,1214.5974636349367,1217.7540587821538,1225.2937733933295,1224.1862979468826,1222.5015585101792,1230.0913613913258,1233.4266499177234,1241.2990998239825,1239.7294615477174,1244.2789448164892,1246.3395397449194,1256.2248454997466,1260.4955206992508,1264.5088891702003,1264.7479647234059,1270.0862677156258,1278.637683206799,1284.7013216168486,1290.5642992044839,1291.1092261754168,1298.8166880951044,1302.536348390924,1307.386655845354,1309.6242321175998,1314.5493300183018,1320.9266574049702,1328.3414507108303
Santa Ana,2524.7758546487053,2549.083638770814,2577.4454566482304,2611.4613993481476,2638.6534339322957,2666.4157935608378,2661.0363049865446,2643.9581185280094,2638.867733,2641.8666011402624,2660.2304633582235,2649.131116932984,2645.5142476404585,2635.4164196462075,2653.0581038957052,2661.1049404313276,2668.6035860447496,2674.2989302545357,2684.896522,2701.643262684122,2702.609767666989,2691.2857578409435,2691.618133849588,2717.200129166995,2734.7845297507492,2738.331537273772,2751.886732257885,2755.2535141522308,2762.515583758762,2764.9005012394196,2776.8811979556745,2787.1686183463835,2806.299277,2830.850608532789,2841.507374395118,2848.8504516806624
Durham,1524.401108586247,1539.209515647059,1549.0230082462306,1560.765775477742,1576.8646108851167,1592.6277906254256,1612.1924542530442,1619.431419,1626.016205138336,1621.489256750367,1628.3905246286322,1631.6470696288482,1642.5420175524036,1645.496342508443,1649.625085562966,1648.8425143630723,1651.6646847185382,1649.0447177195788,1640.9127329089995,1634.5015482617857,1632.388521638045,1652.3764370347415,1656.5896127620772,1665.241842155076,1659.4505436604854,1664.7302128928247,1663.768021735816,1668.4652275247586,1667.3104341298344,1667.7304116692922,1671.253505205811,1678.490496560825,1683.5876314978004,1675.7638716028496,1676.1394328495562,1673.5423842953192
Silver Spring,1856.940612737678,1853.357827,1861.2936801329304,1884.6040947039442,1902.1122535908983,1917.433487204733,1921.792886460005,1921.199185304192,1919.2109065901054,1911.1874339366373,1910.5203439013696,1902.2485133866617,1910.275338651157,1920.9149923782663,1939.533556421943,1952.5574080192157,1960.4275899468898,1963.8912751388316,1964.7038851232303,1970.3134716902252,1984.6815308116236,1991.8424752606995,1999.154628722353,2001.4512973897881,2010.9572634082983,2027.4716642384403,2029.4639434018388,2023.094990049623,2022.0171936487739,2023.4203063087325,2030.475954561677,2035.1896673420495,2035.391764399499,2041.9631186879851,2043.6110786729453,2052.776940663873
Saint Paul,1344.370780964304,1346.829833200756,1346.7276401803128,1345.5330438455478,1345.861382723792,1342.636234,1346.2461083080414,1347.703152005557,1354.4371628946476,1357.8136456138845,1364.7859374154348,1362.8377441982072,1370.5779650604568,1369.5485539270646,1378.0143888683726,1373.901507892876,1377.2641124940862,1376.7961918664196,1376.545323906054,1378.7215781887244,1379.4769602942363,1387.6917191761079,1390.2897304849757,1394.111589985978,1392.3460593429663,1398.0000219748424,1403.2611407079771,1414.1592130454667,1418.0790564833449,1426.007585963817,1430.331536845367,1434.3674802911844,1437.3097039871027,1435.900855338908,1436.1567585565494,1438.5202191035046
Spokane,1345.8391374570347,1349.7767311496484,1355.7223659906983,1365.3814301555512,1376.2481866450041,1377.4989920438236,1384.2214487060362,1392.0240437494647,1403.542423547965,1398.871398795181,1402.7025077844105,1401.477907,1408.4324964832958,1404.1415212329775,1405.7024023333338,1405.392141322458,1407.1323356636308,1399.3258166078729,1397.2624277013308,1391.9515329884007,1398.9950804604355,1407.2752035451929,1415.0492147914313,1424.183616,1426.8482494872262,1432.446709122439,1434.8764667442163,1435.2536333264634,1432.519697278084,1438.8923085079002,1442.0184305441853,1447.3049325233608,1443.469541878096,1446.4822306029955,1448.3488299417984,1449.107138
Newark,1705.659241122541,1722.9618470832158,1747.1347614386218,1756.5462782957554,1781.1361438077486,1806.3246113985467,1841.8408220445629,1856.5709676264432,1869.9347424228358,1861.8838836719306,1866.0204376675392,1869.5744729177993,1887.5086508244578,1896.564345542948,1896.9699475732134,1910.7945726808528,1920.2328219254268,1930.0928736254966,1933.999026674434,1943.4421507462177,1959.0735863017946,1975.8246934133283,1995.0948895491972,2015.461790811784,2025.4035825181077,2031.758465508453,2047.2358163946692,2061.1110082149694,2072.148258686087,2079.860942969458,2091.6757200641055,2104.1607825416145,2117.4967033719363,2134.677272618336,2148.802579945666,2159.5488880141656
Reno,1785.9336831884973,1785.6165688089593,1802.112315898327,1812.1267626000824,1824.2702426426351,1826.4529886268804,1821.545024153736,1812.4906168379273,1800.906469392827,1805.3691219305629,1807.7220868813706,1822.7818977963184,1819.3896353855052,1835.2467615049168,1830.616752901138,1831.076119731112,1822.2612666657283,1822.173614,1819.1588174855817,1815.022526255223,1812.023239334324,1813.3307478825468,1819.2028937458688,1829.310145159443,1839.5910912703523,1838.4309039462619,1845.8073253221353,1850.855422891784,1860.2623734794133,1866.2425903909225,1874.5270568460217,1888.6173926406404,1903.9078258354195,1911.9666188046392,1915.2535134371908,1911.175789487045
Saint Petersburg,1782.047555324209,1797.4481483097468,1826.9954712814867,1853.2684974726772,1881.5579559660148,1905.9399505099695,1913.5318033544868,1909.6336184604581,1897.0048390728764,1894.7497650182497,1914.4889251643324,1922.318863819773,1937.1593822871791,1937.587983529903,1948.9220978849683,1957.784078859848,1968.991510325346,1968.7496292228566,1968.6842671542347,1977.4624418321594,1995.434641339549,1999.492539806924,1985.9030302992667,1974.4304657508535,1975.5741307824158,1991.1156947747484,2001.2274462969435,2001.7501419974503,1998.1726428308632,2002.1939477429858,2014.0596911318887,2022.4262685255242,2029.1356177556706,2042.3666162741372,2061.234008642639,2084.9671964603035
Irvine,3044.0117907063727,3059.3348914980843,3077.227858775454,3104.2595002212465,3123.6301113570958,3148.832940816642,3142.7506307889803,3127.7788771818377,3106.221773,3094.0268107576203,3087.3857208722548,3085.4954414525464,3091.9797352873957,3100.951650381847,3110.327393855452,3129.231237240234,3148.6047285639515,3170.5476517565216,3188.3067987464733,3205.2638800436416,3214.4880892721726,3222.8912128070488,3224.6688995986665,3235.3070754590112,3239.1387929256853,3247.6662078559066,3251.575281411462,3247.058756717615,3242.5670854161367,3230.927469,3229.1305209489105,3229.8769241757773,3241.510260885163,3254.424741384078,3273.4024663027158,3287.223277640129
Lincoln,1088.3266796876092,1090.3626683265275,1093.7997654037251,1101.853110477262,1113.7666576498425,1129.632699050573,1136.1258656740247,1140.0964650874155,1140.2588776445143,1150.1594351162803,1161.267650800553,1168.595925721783,1172.054095,1176.9954230375208,1183.3225075319272,1188.8035117736504,1191.6792214099703,1197.212286489981,1202.4377935893165,1210.774550066095,1217.7371538163998,1221.9542139434634,1228.4089217059488,1235.9941045308615,1239.727455597046,1244.9734517732086,1248.3893115876156,1253.3158357225848,1257.4787599086642,1258.3288606700112,1262.8105448028539,1266.605626636989,1272.3724318921809,1276.088406247989,1277.7025684640203,1280.5171791554064
Toledo,931.0915794,932.9437490694436,944.6873338567515,959.7530362382857,977.6325754878372,990.7687067441925,988.7033966247445,988.9931029680264,979.1265839574065,986.5173567,987.5168563733682,990.0608111351391,992.2321068664993,1000.2766713306031,1008.4935370066153,1013.3875259621684,1010.7885227385644,1011.2125459867026,1020.2747067596339,1023.921912306919,1032.328985999247,1031.6858576898976,1037.915617792578,1045.923246813736,1058.1997352137812,1062.040161746866,1067.605213463402,1068.3074808202614,1074.123654689521,1080.2820038664397,1084.9635304899934,1092.443261,1100.3912904454799,1109.6067274925294,1114.2821348294738,1117.4721140808504
Chandler,1898.2152914243518,1913.3883725762992,1930.4210391800746,1946.9630513422094,1947.095578205107,1949.2142954509068,1939.204151069279,1938.739381473927,1933.4671691151923,1925.463384198659,1921.5266616217555,1918.1932102620963,1921.4062025484673,1927.950145859063,1929.8503767204843,1925.143429071041,1919.7476578378873,1919.8668896019335,1925.0621470742058,1926.561144994324,1924.5226474601718,1924.196869672082,1923.9642761803077,1926.963085149693,1933.4751878133181,1935.2070761744421,1937.7525610604337,1940.127452589548,1945.443451322326,1945.6730471047024,1945.4266084092064,1946.186587060701,1951.722423060411,1957.2056024322765,1961.5233684881719,1963.7515517789304
Tallahassee,1249.622785302348,1259.395444,1271.1566063222112,1283.9746884369301,1312.7763104847331,1329.0220700662298,1347.1442888520555,1363.154198432826,1373.105087840846,1387.8825758609305,1389.335545,1387.5744889811995,1385.4390230430192,1396.142696124941,1407.5205675352145,1421.9244594705701,1428.4974170774688,1431.2949438623355,1433.2694007794278,1429.9649871972128,1443.0001132444663,1446.7485796727117,1469.5675389775804,1471.2300550881075,1480.4994655637806,1478.3413545321393,1486.735461999996,1486.8604110381093,1483.6320237387329,1488.964081,1492.518307972034,1501.3804272177754,1499.4085316593143,1503.458678944641,1499.5974288088396,1509.995171
Jersey City,2584.6887922823703,2604.950383990041,2628.3817484338156,2661.025776198682,2699.8885921590745,2743.8776870522133,2792.4540167065193,2824.2576561544615,2835.4447843882162,2835.270708538688,2842.051476093293,2854.552479282963,2870.5569596694154,2887.068994201835,2910.072668292155,2934.6399774599113,2955.183417253066,2965.2943580979095,2963.7955578108617,2975.7184233081985,2986.3905740112978,2998.9935246689724,2999.6138008536864,3002.4837526222814,3013.092976573559,3025.308264967928,3040.515576313136,3039.5463644187357,3038.5470247341223,3042.200406235733,3052.4835893954205,3058.7409455388047,3074.642839080128,3091.9065796630125,3116.5681656303955,3136.674295
Plano,1683.395845803403,1693.1649747422634,1705.6199769424404,1726.208741951509,1749.504903301233,1772.031170425119,1787.224581525227,1790.7723529470838,1788.062586,1786.6371212842068,1781.5017637910632,1779.1686498373529,1774.1840300281453,1780.555655462142,1789.7528281696011,1784.1717771351891,1774.4394086344753,1761.9111413873713,1756.8743688827983,1756.5513142456043,1756.114511614999,1756.4302041212545,1758.5127254180168,1760.101099904045,1759.1207140773022,1751.1583758737338,1742.6505925074432,1741.9394980114132,1740.8997675738312,1740.1472586286973,1736.3182993901958,1733.225008009166,1734.0655240199965,1735.1048956838974,1736.724250912835,1737.2116081581194
Lubbock,1258.5604870624195,1271.718152333569,1279.799526447897,1286.1014872784642,1288.0501240371864,1292.0598645017672,1294.7818038182158,1298.8452224172634,1299.5424417934153,1301.6767406211336,1315.8594577170775,1319.1029071674768,1319.4674110921824,1316.1578925089937,1314.5387810459538,1316.7788823684918,1314.8045635788917,1317.4106283131869,1318.1438834877754,1326.3111320334413,1328.3009288622645,1332.6522717221449,1327.3913139291055,1328.9097597843015,1326.9360250839609,1331.7145783769224,1340.5494863516224,1343.1482507410242,1348.238491,1350.8656613537464,1354.898479284598,1353.9842152205254,1356.5798091694808,1358.2134734475387,1362.536029120736,1366.4776439653772
Modesto,1737.2171786477502,1750.8144531318665,1769.6535459805302,1806.4325847094037,1805.6050194657973,1819.8710203899261,1802.825935404967,1818.4243644162755,1809.1501618807865,1814.0203654897275,1812.9996745568446,1821.579892762285,1838.9657299040518,1848.4624182007803,1842.609708662008,1832.6587339202317,1831.0219570873496,1843.1892507496495,1852.771909708525,1871.4539976047165,1885.912319018325,1886.3268839039736,1880.8931810986148,1882.801965,1891.3861839449937,1898.2271935865313,1905.4903054440106,1913.650746273177,1929.1269707287624,1928.5575653662133,1941.441961875839,1935.7956867342539,1945.194507435495,1958.997477,1977.4137080598969,1985.472947121355
Katy,1792.414867768113,1810.9300174952002,1816.5659883221535,1823.732761567908,1826.2272767134757,1837.650384270347,1858.8293690912938,1874.360814750571,1881.386923947691,1881.6091842370774,1872.3744231277694,1873.0232783905294,1877.1542144973905,1880.1154187544548,1888.9832364732515,1888.7653706150197,1897.7424351442505,1898.165256262043,1894.0718703885134,1895.6645998346526,1900.652448718228,1907.730665091905,1907.994699,1907.4720171117299,1913.2661005243801,1920.0966131885198,1924.9438877276916,1932.2238613345357,1931.8644172723489,1933.897702,1935.2717121710652,1936.2009813008926,1938.4954947595156,1941.403720510623,1953.9619888295229,1961.9796868334709
Lawrenceville,1929.685611,1923.4132069514485,1918.4805186769286,1925.569554263933,1949.3936515275009,1960.1877410498391,1991.370646900235,1998.2248049068971,2013.2899658443887,2005.6267943188595,2006.0506997279963,2017.275925634992,2019.7417873538207,2041.526114109155,2048.638569558836,2066.6358786171527,2062.8234236518474,2060.753249554785,2040.8186020016246,2034.8549681793186,2025.1176994089612,2037.6320583230936,2031.7865574386149,2040.5893588859526,2039.2396462688203,2047.8506037423529,2043.7396975894226,2038.1881597634656,2041.4182157388907,2047.890512318465,2057.072394468496,2066.049976966271,2072.876462029296,2075.4500723770484,2086.919888335229,2082.786529083641
Chula Vista,2652.866704929273,2688.2900916642993,2688.234490266439,2702.963909244667,2727.2015000603656,2795.9426085224923,2850.9274942303423,2896.0775021468526,2902.067404722137,2899.4224180517854,2891.7971234050633,2905.2646543971023,2920.312197291495,2939.2152181503475,2968.550930838273,2986.6479412185577,3017.7861533799905,3021.2239066379443,3012.145045,3007.035039024576,3015.5837483707105,3030.293539482607,3022.518770092558,3019.882545038129,3017.7495565757586,3023.5993501934213,3032.9711800255436,3037.1486250812686,3028.6334222593837,3020.3921144269993,3028.4581516226094,3035.0023674107906,3050.913628744494,3063.6473967271677,3097.1394593574473,3115.0648669925713
Boise,1607.8008834830698,1611.4896642442534,1619.4182027363001,1627.0004224956062,1645.5648818718923,1661.8135592126775,1672.2244984265856,1673.1719837591966,1670.4659419101006,1657.776558,1651.577440987394,1646.8110914012811,1652.182471047562,1656.1404887470628,1667.6888030500759,1664.0337915578145,1655.481142903471,1645.999621801254,1645.2377055773163,1643.383024757472,1647.8077694823621,1656.7221405421233,1662.7062896236425,1672.6621814976586,1666.6313234565523,1677.9945093288418,1677.721264888317,1682.0630640210766,1685.4975284948669,1690.721227676639,1694.0923475637671,1701.930289,1707.6812927228254,1714.868383601262,1720.6222208916492,1723.8987143642878
Richmond,1347.5135376182195,1360.606024878327,1366.98831,1381.000716972326,1394.4661443284879,1406.8287499821988,1421.7105709931664,1428.077467744153,1445.5667439737442,1454.4156319302504,1462.4986007327727,1456.9113300071667,1453.3632751259852,1453.0363440666056,1456.0253495313038,1461.2625298681855,1464.3604327420803,1464.406867129658,1461.6900201780375,1466.179494876329,1478.6786954847128,1489.4506918732757,1494.0648489693888,1490.2520360146873,1506.083306225122,1518.3059705004337,1530.141310453263,1535.7337284607781,1541.949813777455,1550.6668602789448,1560.1605866051966,1568.3398628662546,1565.7825211935701,1568.234992038073,1575.1812385862686,1593.1908574160923
Gilbert,2047.2590494871283,2063.5658918034674,2081.374788432933,2098.0995118899255,2103.940149550149,2107.1261789509426,2101.2273817222017,2091.660827156446,2085.2937923371483,2087.2081561380064,2091.0125313939902,2093.938689834823,2099.0181450196937,2103.978054657929,2111.7447525940515,2104.3120152802185,2099.462514638468,2093.980982065291,2098.6781189608905,2102.200680500894,2103.965418725888,2109.7335982259738,2109.1061061167256,2110.850995897778,2109.1658093782116,2109.969386554159,2109.113688463003,2114.191738261717,2117.816200316439,2121.520848,2120.5281956315266,2123.978986322732,2126.0364734818477,2122.947126406206,2123.235125777478,2123.5170895943734
Winston-Salem,1348.1901464499556,1366.411894614157,1374.111005671776,1391.5582314004198,1393.564796538166,1405.2894620184547,1411.9838709348949,1419.5485800174454,1432.2499790779773,1438.6975393835633,1439.7696240868522,1437.2326173869992,1442.739553792664,1446.2345210712185,1464.4645823946312,1471.963571039322,1483.6294581678428,1478.1981018754038,1484.7790252315363,1489.8236866340148,1489.5927167633918,1478.6883849893181,1480.6897930802872,1494.4771437035968,1512.0233283541468,1514.9267506827534,1515.2659049784104,1515.7908267198802,1518.8225500392564,1529.513105309817,1535.9293743947298,1541.8503667821649,1550.0768325874653,1568.4955032944313,1579.0783409941973,1582.4764640453197
Brooklyn,2796,2830,2868,2910,2951,3003,3050,3090,3124,3142,3133,3125,3128,3127,3138,3156,3178,3205,3236,3261,3276,3278,3267,3250,3253,3263,3281,3302,3318,3344,3366,3378,3384,3379,3372,3373
Queens,2202,2220,2238,2256,2284,2321,2355,2381,2403,2417,2422,2422,2431,2439,2442,2458,2476,2498,2519,2532,2534,2537,2535,2535,2534,2541,2552,2560,2574,2588,2598,2615,2621,2624,2620,2623
Manhattan,3335,3391,3451,3512,3576,3633,3683,3726,3753,3748,3731,3718,3713,3719,3733,3759,3789,3820,3845,3861,3859,3841,3816,3798,3795,3806,3828,3859,3902,3939,3968,3989,3991,3979,3969,3960
New York,2975,3018,3063,3112,3165,3219,3266,3306,3333,3338,3326,3316,3316,3320,3331,3352,3377,3406,3432,3450,3453,3444,3428,3413,3413,3423,3442,3466,3494,3524,3547,3564,3568,3560,3553,3549